time_stats.attn_prefill.min,time_stats.attn_prefill.max,time_stats.attn_prefill.mean,time_stats.attn_prefill.median,time_stats.attn_prefill.std,time_stats.attn_decode.min,time_stats.attn_decode.max,time_stats.attn_decode.mean,time_stats.attn_decode.median,time_stats.attn_decode.std,n_embd,n_q_head,n_kv_head,num_tensor_parallel_workers,max_model_len,batch_size,prefill_chunk_size,kv_cache_size,is_prefill,attention_backend
0.9325300002274162,20.550638000258914,1.937404799991782,0.9523799999442417,4.270249250840594,,,,,,2048,32,8,1,131072,1,32,0,True,FLASH_ATTENTION
0.9302290000050562,115.65681899992342,6.710760300029506,0.9594699999979639,24.994018269583748,,,,,,2048,32,8,1,131072,1,32,32,True,FLASH_ATTENTION
0.957909999669937,160.9653549999166,8.99098725001295,0.9751049999522365,34.86536613320314,,,,,,2048,32,8,1,131072,1,32,64,True,FLASH_ATTENTION
0.9483099997851241,166.92076499975883,9.282930549989032,0.9686299999884795,36.16464637321155,,,,,,2048,32,8,1,131072,1,32,96,True,FLASH_ATTENTION
0.9506309997959761,166.7139149999457,9.282752200033428,0.9832744999584975,36.117239949691445,,,,,,2048,32,8,1,131072,1,32,128,True,FLASH_ATTENTION
0.951470000018162,177.8983839999455,9.8314367000512,0.9673499998825719,38.5572629028118,,,,,,2048,32,8,1,131072,1,32,160,True,FLASH_ATTENTION
0.9456600000703475,193.48168299984536,10.605385050007499,0.9686700000202109,41.95474048086187,,,,,,2048,32,8,1,131072,1,32,192,True,FLASH_ATTENTION
0.9490490001553553,190.18419199983327,10.439975850044902,0.9615395001674187,41.23618916695106,,,,,,2048,32,8,1,131072,1,32,224,True,FLASH_ATTENTION
0.9506200003670529,171.43455499990523,9.50920820000647,0.9649549999721785,37.14829249767345,,,,,,2048,32,8,1,131072,1,32,256,True,FLASH_ATTENTION
0.9454300002289528,245.07113799973013,13.195908249963395,0.9805544998471305,53.195867655258354,,,,,,2048,32,8,1,131072,1,32,288,True,FLASH_ATTENTION
0.9493000002294139,241.55728799996723,13.023191749994112,0.9858900002654991,52.4293601363566,,,,,,2048,32,8,1,131072,1,32,320,True,FLASH_ATTENTION
0.952679999954853,235.7289579999815,12.726718800104209,0.9754450002219528,51.160263393705826,,,,,,2048,32,8,1,131072,1,32,352,True,FLASH_ATTENTION
0.9478499996475875,240.30508799978634,12.947051349897265,0.962834999882034,52.15954692757659,,,,,,2048,32,8,1,131072,1,32,384,True,FLASH_ATTENTION
0.9375200002068595,292.7639229997112,15.571563000003152,0.9571550001510332,63.59235163662805,,,,,,2048,32,8,1,131072,1,32,416,True,FLASH_ATTENTION
0.9299099997406302,280.8482139998887,14.958807200014235,0.945940000065093,60.99924453129149,,,,,,2048,32,8,1,131072,1,32,448,True,FLASH_ATTENTION
0.9415790000275592,287.5278139999864,15.302078149989029,0.9560850000980281,62.45289862101237,,,,,,2048,32,8,1,131072,1,32,480,True,FLASH_ATTENTION
0.9332300001005933,27.196797999749833,2.2700458000144863,0.9521050001239928,5.718662195679466,,,,,,2048,32,8,1,131072,1,64,0,True,FLASH_ATTENTION
0.934640000195941,214.4011599998521,11.649869400025636,0.9620195000934473,46.51439545064912,,,,,,2048,32,8,1,131072,1,64,64,True,FLASH_ATTENTION
0.9545799998704751,206.29773200016643,11.266465550011162,0.9772294999947917,44.74330946647183,,,,,,2048,32,8,1,131072,1,64,128,True,FLASH_ATTENTION
0.9506299998065515,311.8235019996973,16.52437329996701,0.9602640000139218,67.74629725654343,,,,,,2048,32,8,1,131072,1,64,192,True,FLASH_ATTENTION
0.94883999963713,295.5885239998679,15.712719149996701,0.9664795002208848,64.20794431598436,,,,,,2048,32,8,1,131072,1,64,256,True,FLASH_ATTENTION
0.9491699997852265,400.5437040000288,20.97068665009374,0.9765850002168008,87.08005660256656,,,,,,2048,32,8,1,131072,1,64,320,True,FLASH_ATTENTION
0.9494199998698605,389.98597499994503,20.439088699936292,0.969230000009702,84.77990538137564,,,,,,2048,32,8,1,131072,1,64,384,True,FLASH_ATTENTION
0.9533399997962988,507.3241530003543,26.30121019994931,0.9612649998871348,110.35424979229467,,,,,,2048,32,8,1,131072,1,64,448,True,FLASH_ATTENTION
0.9246899999197922,27.280167999833793,2.274903249963245,0.9487550000812917,5.7367328557470065,,,,,,2048,32,8,1,131072,1,96,0,True,FLASH_ATTENTION
0.9443399999327085,214.73622000030446,11.66527845005021,0.956674999997631,46.58771457342203,,,,,,2048,32,8,1,131072,1,96,96,True,FLASH_ATTENTION
0.9418199997526244,320.4408010001316,16.95692244993552,0.9637849998398451,69.62401376654441,,,,,,2048,32,8,1,131072,1,96,192,True,FLASH_ATTENTION
0.9433899999748974,469.1229770000973,24.394669750017783,0.972169000078793,102.02769621836308,,,,,,2048,32,8,1,131072,1,96,288,True,FLASH_ATTENTION
0.9488900000178546,420.450781999989,21.971978000078707,0.9767450001163525,91.41733627673132,,,,,,2048,32,8,1,131072,1,96,384,True,FLASH_ATTENTION
0.9282800001528813,26.166676999764604,2.216121300057239,0.9411999999429099,5.494810026866947,,,,,,2048,32,8,1,131072,1,128,0,True,FLASH_ATTENTION
0.9354199996778334,217.2463100000641,11.794151000026432,0.9558500000821368,47.13402011541283,,,,,,2048,32,8,1,131072,1,128,128,True,FLASH_ATTENTION
0.9532399999443442,358.55829799993444,18.86883824997767,0.9670900001310656,77.93013720602096,,,,,,2048,32,8,1,131072,1,128,256,True,FLASH_ATTENTION
0.9494399996583525,528.7130120000256,27.373374999979205,0.9705094998935238,115.01521707960687,,,,,,2048,32,8,1,131072,1,128,384,True,FLASH_ATTENTION
0.925539000036224,0.991719000012381,0.9396707500400225,0.9351600001537008,0.016085448764066715,,,,,,2048,32,8,1,131072,1,128,0,True,FLASH_ATTENTION
0.9284599996135512,0.9720400003061513,0.9412290500677045,0.9367055001803237,0.011998399613829851,,,,,,2048,32,8,1,131072,1,128,128,True,FLASH_ATTENTION
0.9489600001870713,1.1174800001754193,0.9714010000834605,0.9616499999083317,0.035230715334547136,,,,,,2048,32,8,1,131072,1,128,256,True,FLASH_ATTENTION
0.9478399997533415,1.0125100002369436,0.9628404000295632,0.9546750000026805,0.017887232014822813,,,,,,2048,32,8,1,131072,1,128,384,True,FLASH_ATTENTION
0.9228190001522307,31.038067000281444,2.461920200039458,0.9504494998964219,6.555910479130936,,,,,,2048,32,8,1,131072,1,160,0,True,FLASH_ATTENTION
0.9475000001657463,568.6363579998215,29.37100080005166,0.9711650000099326,123.71598218909924,,,,,,2048,32,8,1,131072,1,160,160,True,FLASH_ATTENTION
0.9608299997125869,435.5063899997731,22.719384499919215,0.9713349998037302,94.69986220503093,,,,,,2048,32,8,1,131072,1,160,320,True,FLASH_ATTENTION
0.9409589997630974,29.368966999754775,2.392643799976213,0.9602244999769027,6.188916439909548,,,,,,2048,32,8,1,131072,1,192,0,True,FLASH_ATTENTION
0.9521400002086011,619.6556730001248,31.933000600065498,0.9754700001849415,134.83284784421272,,,,,,2048,32,8,1,131072,1,192,192,True,FLASH_ATTENTION
0.9319089999735297,31.260187000043516,2.476942700013751,0.9529999999813299,6.6034516878311,,,,,,2048,32,8,1,131072,1,224,0,True,FLASH_ATTENTION
0.9466599999541359,699.308136000127,35.90802354999596,0.9723149998990266,152.19444254983864,,,,,,2048,32,8,1,131072,1,224,224,True,FLASH_ATTENTION
0.9303500000896747,31.44374700013941,2.4853807000454253,0.9504699999069999,6.643597246145966,,,,,,2048,32,8,1,131072,1,256,0,True,FLASH_ATTENTION
0.9548699999868404,406.94732300016767,21.286583650044122,0.9677800001099968,88.4766665607815,,,,,,2048,32,8,1,131072,1,256,256,True,FLASH_ATTENTION
0.9306000001743087,42.17861600000106,3.0408393501147657,0.9586950000084471,8.979058847039463,,,,,,2048,32,8,1,131072,1,288,0,True,FLASH_ATTENTION
0.9296600001107436,41.03640599987557,2.967458200009787,0.951509500055181,8.733736444044226,,,,,,2048,32,8,1,131072,1,320,0,True,FLASH_ATTENTION
0.9311399999205605,41.51036600023872,2.982143749977695,0.9430550001070515,8.839067814993765,,,,,,2048,32,8,1,131072,1,352,0,True,FLASH_ATTENTION
0.9478599999965809,41.10619699986273,2.979659750008068,0.9573750000981818,8.746940237198537,,,,,,2048,32,8,1,131072,1,384,0,True,FLASH_ATTENTION
0.9388490002493199,46.45341599962194,3.2451007000190657,0.9544249999180465,9.912761965155427,,,,,,2048,32,8,1,131072,1,416,0,True,FLASH_ATTENTION
0.9343699998680677,45.69223600037731,3.2212981499924354,0.9659699999247096,9.743714547833184,,,,,,2048,32,8,1,131072,1,448,0,True,FLASH_ATTENTION
0.93814999991082,49.07793600023069,3.3776617999592418,0.9569149999606452,10.48444246733885,,,,,,2048,32,8,1,131072,1,480,0,True,FLASH_ATTENTION
0.9312700003647478,46.31303599990133,3.239038799961236,0.955099999828235,9.882012699505564,,,,,,2048,32,8,1,131072,1,512,0,True,FLASH_ATTENTION
0.9316800001215597,0.9737099999256316,0.9433039000896315,0.9358950001114863,0.014340739139281989,,,,,,2048,32,8,1,131072,1,32,0,True,FLASH_ATTENTION
0.9206099998664286,0.9676800000306685,0.940323900022122,0.9339450000425131,0.014481095719609607,,,,,,2048,32,8,1,131072,1,64,0,True,FLASH_ATTENTION
0.9281300003749493,1.0457700000188197,0.9569693500225185,0.9463945000334206,0.029141653627420955,,,,,,2048,32,8,1,131072,1,96,0,True,FLASH_ATTENTION
0.9408599999005673,1.024089999646094,0.9566578999965714,0.947465000081138,0.01962783486654332,,,,,,2048,32,8,1,131072,1,128,0,True,FLASH_ATTENTION
0.9352600000056555,0.9935499997482111,0.9518074499510476,0.9465600001021812,0.014764518737816812,,,,,,2048,32,8,1,131072,1,160,0,True,FLASH_ATTENTION
0.9377300002597622,1.025399999889487,0.9577778999982911,0.9478595002292423,0.02253735336570406,,,,,,2048,32,8,1,131072,1,192,0,True,FLASH_ATTENTION
0.9379200000694254,1.036379999732162,0.9582794000607464,0.9475050001128693,0.023796887881279368,,,,,,2048,32,8,1,131072,1,224,0,True,FLASH_ATTENTION
0.940920000175538,0.9804000001167879,0.9561765000171363,0.9505299999545969,0.012132393940022454,,,,,,2048,32,8,1,131072,1,256,0,True,FLASH_ATTENTION
0.9410000002390007,0.9945000001607696,0.9581153499993889,0.9500799997113063,0.01647280528951365,,,,,,2048,32,8,1,131072,1,288,0,True,FLASH_ATTENTION
0.9391800003868411,1.0107800003424927,0.9590739000486792,0.9554845000820933,0.016113707721802158,,,,,,2048,32,8,1,131072,1,320,0,True,FLASH_ATTENTION
0.9470199997849704,1.0275800000272284,0.9713514999702966,0.9625599998344114,0.022508674922673354,,,,,,2048,32,8,1,131072,1,352,0,True,FLASH_ATTENTION
0.944800000070245,0.995240000065678,0.966134350073844,0.9636895001676749,0.014887614587949396,,,,,,2048,32,8,1,131072,1,384,0,True,FLASH_ATTENTION
0.9463309997954639,1.0450899999341345,0.9699623500409871,0.9641700000884157,0.022454678086684096,,,,,,2048,32,8,1,131072,1,416,0,True,FLASH_ATTENTION
0.9578090002833051,1.2368899997454719,0.9831049000240455,0.9627299998555827,0.05977312108831625,,,,,,2048,32,8,1,131072,1,448,0,True,FLASH_ATTENTION
0.9500599999228143,1.0040189999926952,0.9698534500557798,0.9677005002686201,0.015294330277808386,,,,,,2048,32,8,1,131072,1,480,0,True,FLASH_ATTENTION
,,,,,0.9576800002832897,77.79309299985471,4.834495549971507,0.9727545000259852,16.73799719151612,2048,32,8,1,131072,1,0,32,False,FLASH_ATTENTION
,,,,,0.962800000252173,106.48256099966602,6.271807900066051,0.9751595000579982,22.989999581825224,2048,32,8,1,131072,1,0,64,False,FLASH_ATTENTION
,,,,,0.963089999913791,108.29584000020986,6.381145000023025,0.9935350001342158,23.38093691112467,2048,32,8,1,131072,1,0,96,False,FLASH_ATTENTION
,,,,,0.9674799998720118,95.34006199965006,5.721492649990978,0.9815055002491135,20.560036629196773,2048,32,8,1,131072,1,0,128,False,FLASH_ATTENTION
,,,,,0.9632000001147389,139.62122700013424,7.932673300024362,0.9869949999483651,30.211502387270944,2048,32,8,1,131072,1,0,160,False,FLASH_ATTENTION
,,,,,0.9527799998068076,146.3724169998386,8.266548149958908,0.9777394998309319,31.683733695654283,2048,32,8,1,131072,1,0,192,False,FLASH_ATTENTION
,,,,,0.9567199999764853,146.0345860000416,8.24031629995261,0.9673050001310912,31.61223335392198,2048,32,8,1,131072,1,0,224,False,FLASH_ATTENTION
,,,,,0.9656600000198523,133.45544800040443,7.628461750027782,0.9832250000272325,28.866780725334422,2048,32,8,1,131072,1,0,256,False,FLASH_ATTENTION
,,,,,0.960289999966335,189.63894300031825,10.425578100034727,0.9791249999580032,41.11440876882422,2048,32,8,1,131072,1,0,288,False,FLASH_ATTENTION
,,,,,0.960520000262477,180.71265299977313,9.986074500011455,0.9793250001166598,39.16741916147448,2048,32,8,1,131072,1,0,320,False,FLASH_ATTENTION
,,,,,0.9614000000510714,185.768754000037,10.244927649978308,0.9831200000007811,40.26798325339213,2048,32,8,1,131072,1,0,352,False,FLASH_ATTENTION
,,,,,0.9481200004302082,171.27402400001301,9.511118150066977,0.9821800001645897,37.111009477202934,2048,32,8,1,131072,1,0,384,False,FLASH_ATTENTION
,,,,,0.9453500001654902,226.77131000000372,12.270403000002261,0.9613600000193401,49.209930414578295,2048,32,8,1,131072,1,0,416,False,FLASH_ATTENTION
,,,,,0.9595189999345166,222.59972000028938,12.069247950080353,0.9671600000729086,48.29904317546364,2048,32,8,1,131072,1,0,448,False,FLASH_ATTENTION
,,,,,0.9603899998182897,230.68221899984565,12.48020039995481,0.9739149998040375,50.05901659345759,2048,32,8,1,131072,1,0,480,False,FLASH_ATTENTION
,,,,,0.9532799999760755,206.48265099998753,11.257882949917075,0.9652100000039354,44.7876714961201,2048,32,8,1,131072,1,0,512,False,FLASH_ATTENTION
,,,,,0.9521509996375244,170.560045000002,9.470549249999749,0.9767045000899088,36.956525348700254,2048,32,8,1,131072,1,0,544,False,FLASH_ATTENTION
,,,,,0.9638399997129454,161.38253500002975,9.020480699950895,0.9772600001269893,34.954330616808946,2048,32,8,1,131072,1,0,576,False,FLASH_ATTENTION
,,,,,0.9550909999234136,160.0161050000679,8.946564349935215,0.978384999825721,34.657793145272805,2048,32,8,1,131072,1,0,608,False,FLASH_ATTENTION
,,,,,0.9583999999449588,158.90520600032687,8.888719100059461,0.9775749997515959,34.41621209687163,2048,32,8,1,131072,1,0,640,False,FLASH_ATTENTION
,,,,,0.9726100001898885,186.10612299971763,10.257460599882506,0.9860949999165314,40.34249365908281,2048,32,8,1,131072,1,0,672,False,FLASH_ATTENTION
,,,,,0.9571300001880445,178.75298299986753,9.87728764998792,0.9628699997392687,38.742812400498856,2048,32,8,1,131072,1,0,704,False,FLASH_ATTENTION
,,,,,0.9528710002086882,184.83246300002065,10.190281549989777,0.9821599999213504,40.06572421525092,2048,32,8,1,131072,1,0,736,False,FLASH_ATTENTION
,,,,,0.9614000000510714,165.60534399968674,9.230090099958943,0.9858450000592711,35.87500177596338,2048,32,8,1,131072,1,0,768,False,FLASH_ATTENTION
,,,,,0.9556099998917489,206.6856009996627,11.28378695000265,0.9751250001954759,44.82831643935271,2048,32,8,1,131072,1,0,800,False,FLASH_ATTENTION
,,,,,0.9625500001675391,203.1835019997743,11.110126049993596,0.9820450000006531,44.06470217740628,2048,32,8,1,131072,1,0,832,False,FLASH_ATTENTION
,,,,,0.9647510000831971,196.14038199961215,10.772846049940199,0.9841244998369802,42.52637364165504,2048,32,8,1,131072,1,0,864,False,FLASH_ATTENTION
,,,,,0.9672099999988859,203.80529200019737,11.152624999976979,0.9956744997907663,44.197604289963806,2048,32,8,1,131072,1,0,896,False,FLASH_ATTENTION
,,,,,0.9626800001569791,232.2490189999371,12.569585300093422,0.9855549999429059,50.3979671696681,2048,32,8,1,131072,1,0,928,False,FLASH_ATTENTION
,,,,,0.9608199998183409,216.87667099968166,11.807843849987876,0.9958000000551692,47.046077698281756,2048,32,8,1,131072,1,0,960,False,FLASH_ATTENTION
,,,,,0.9725599998091639,214.4716900002095,11.686387849999846,0.9880744999009039,46.522221110090264,2048,32,8,1,131072,1,0,992,False,FLASH_ATTENTION
,,,,,0.9750599997460085,210.90079099985815,11.51831255003799,0.9963150000658061,45.74154974410871,2048,32,8,1,131072,1,0,1024,False,FLASH_ATTENTION
,,,,,0.9662100001150975,1.0469700000612647,0.9860484000455472,0.9781100000054721,0.020407671702606794,2048,32,8,1,131072,1,0,1024,False,FLASH_ATTENTION
,,,,,0.9701299995867885,199.38193200005117,10.930426049958442,1.0012150000875408,43.23379152494257,2048,32,8,1,131072,1,0,1088,False,FLASH_ATTENTION
,,,,,0.9600199996384617,182.76154299974223,10.096258999965357,0.9834644999955344,39.6121985131537,2048,32,8,1,131072,1,0,1152,False,FLASH_ATTENTION
,,,,,0.968280000051891,170.00484499976665,9.455764100016495,0.985089499863534,36.83254972132074,2048,32,8,1,131072,1,0,1216,False,FLASH_ATTENTION
,,,,,0.9650399997553905,182.26952299983168,10.069424549965333,0.9873999999854277,39.505464635911025,2048,32,8,1,131072,1,0,1280,False,FLASH_ATTENTION
,,,,,0.9658499998295156,176.68019400025514,9.787724650004748,0.9805790000427805,38.28781389236367,2048,32,8,1,131072,1,0,1344,False,FLASH_ATTENTION
,,,,,0.964528999702452,167.62684400009675,9.329981099995166,0.9788949998892349,36.31584525821237,2048,32,8,1,131072,1,0,1408,False,FLASH_ATTENTION
,,,,,0.9652499998082931,242.07417800016628,13.067305700042198,0.995719500224368,52.53782298195098,2048,32,8,1,131072,1,0,1472,False,FLASH_ATTENTION
,,,,,0.9662389998084109,226.8937389999337,12.290883800005759,0.9778295000160142,49.23330610085853,2048,32,8,1,131072,1,0,1536,False,FLASH_ATTENTION
,,,,,0.9609500002625282,184.62647300020762,10.18491105000976,0.9790699998575292,40.01970281436942,2048,32,8,1,131072,1,0,1600,False,FLASH_ATTENTION
,,,,,0.9617000000616827,181.95687300021746,10.056387599934169,0.9870849999060738,39.43675187567742,2048,32,8,1,131072,1,0,1664,False,FLASH_ATTENTION
,,,,,0.9621399999559799,195.7920119998562,10.74311394995675,0.9881799999220675,42.45317634177709,2048,32,8,1,131072,1,0,1728,False,FLASH_ATTENTION
,,,,,0.979860000370536,199.02555099997699,10.921346949999133,1.0044150001249363,43.1541177777531,2048,32,8,1,131072,1,0,1792,False,FLASH_ATTENTION
,,,,,0.977340000190452,213.83384999990085,11.664965400086658,1.0091044998716825,46.38076955080039,2048,32,8,1,131072,1,0,1856,False,FLASH_ATTENTION
,,,,,0.9792799996830581,211.71156099990185,11.555628900009651,1.0038495001936099,45.91897431557063,2048,32,8,1,131072,1,0,1920,False,FLASH_ATTENTION
,,,,,0.9690689998933522,234.75876800011974,12.716000299997177,0.9986599998228485,50.9401854101125,2048,32,8,1,131072,1,0,1984,False,FLASH_ATTENTION
,,,,,0.9729099997457524,216.38006000011956,11.78188295000382,0.9978049999972427,46.93810169606897,2048,32,8,1,131072,1,0,2048,False,FLASH_ATTENTION
,,,,,0.9722000004330766,247.30305799994312,13.326743349944081,0.9885649999432644,53.67790060474825,2048,32,8,1,131072,1,0,2112,False,FLASH_ATTENTION
,,,,,0.978309999936755,231.37709899992842,12.53790244998072,1.008525500083124,50.20519948080287,2048,32,8,1,131072,1,0,2176,False,FLASH_ATTENTION
,,,,,0.9838089999902877,202.15228100005334,11.076300850004372,0.9943745001237403,43.83592011417689,2048,32,8,1,131072,1,0,2240,False,FLASH_ATTENTION
,,,,,0.9589800001776894,202.49135199992452,11.09207654999409,1.0021250000136206,43.91006894776109,2048,32,8,1,131072,1,0,2304,False,FLASH_ATTENTION
,,,,,0.9687710003163374,256.7407669998829,13.789156400048341,0.9822055001222907,55.73695471216043,2048,32,8,1,131072,1,0,2368,False,FLASH_ATTENTION
,,,,,0.9728109998832224,254.48263699991003,13.683770399939021,0.9923200000230281,55.24309112403697,2048,32,8,1,131072,1,0,2432,False,FLASH_ATTENTION
,,,,,0.9781200001270918,265.7143450001058,14.252891599971917,0.9955094999440917,57.689254779865514,2048,32,8,1,131072,1,0,2496,False,FLASH_ATTENTION
,,,,,0.9748590000526747,250.0403770000048,13.466546299946458,0.9936799999650248,54.27380699412627,2048,32,8,1,131072,1,0,2560,False,FLASH_ATTENTION
,,,,,0.9602400000403577,228.57028899989018,12.38168535001023,0.981225000032282,49.59712874485776,2048,32,8,1,131072,1,0,2624,False,FLASH_ATTENTION
,,,,,0.9568899999976566,212.8123899997263,11.60092044999601,0.9811100001115847,46.16117510330201,2048,32,8,1,131072,1,0,2688,False,FLASH_ATTENTION
,,,,,0.9711300003800716,283.6958340003548,15.145722600050249,0.9935395003140002,61.609658265315566,2048,32,8,1,131072,1,0,2752,False,FLASH_ATTENTION
,,,,,0.9682499999144056,286.9720349999625,15.338027150005473,0.9997949998705735,62.317269840125654,2048,32,8,1,131072,1,0,2816,False,FLASH_ATTENTION
,,,,,0.9659600000304636,289.417154000148,15.433511149944934,0.9992799998599367,62.85620559823961,2048,32,8,1,131072,1,0,2880,False,FLASH_ATTENTION
,,,,,0.9722490003696294,293.8478030000624,15.649256600022454,0.9885844999644178,63.82315270460281,2048,32,8,1,131072,1,0,2944,False,FLASH_ATTENTION
,,,,,0.9746300002007047,259.6514259998912,13.944804250036213,0.9947794999334292,56.36900397591599,2048,32,8,1,131072,1,0,3008,False,FLASH_ATTENTION
,,,,,0.9695399999145593,239.15007799996602,12.925401199981934,0.9896250001020235,51.89958445810479,2048,32,8,1,131072,1,0,3072,False,FLASH_ATTENTION
,,,,,0.9771889999683481,198.55587199981528,10.887644949957576,0.9886999998798274,43.054097074560666,2048,32,8,1,131072,1,0,3136,False,FLASH_ATTENTION
,,,,,0.968150000062451,189.01212300033876,10.420538149969616,0.9950499998012674,40.97182710511779,2048,32,8,1,131072,1,0,3200,False,FLASH_ATTENTION
,,,,,0.9692799999356794,195.84415200006333,10.749818049998794,0.9822550000535557,42.46361588809395,2048,32,8,1,131072,1,0,3264,False,FLASH_ATTENTION
,,,,,0.9672310002315498,198.0306710001969,10.86616364996189,0.994054999864602,42.93854029516906,2048,32,8,1,131072,1,0,3328,False,FLASH_ATTENTION
,,,,,0.9808490003706538,208.88171099977626,11.410289350078529,0.996640000039406,45.30309649951518,2048,32,8,1,131072,1,0,3392,False,FLASH_ATTENTION
,,,,,0.9714489997350029,210.07393199988655,11.468603949947465,0.9944849998646532,45.56323724352092,2048,32,8,1,131072,1,0,3456,False,FLASH_ATTENTION
,,,,,0.9769289999894681,221.4550099997723,12.044098849969487,1.0058949999347533,48.04222623691602,2048,32,8,1,131072,1,0,3520,False,FLASH_ATTENTION
,,,,,0.9667200001786114,214.8177310000392,11.69573244997082,0.9860744996785797,46.59943037928029,2048,32,8,1,131072,1,0,3584,False,FLASH_ATTENTION
,,,,,0.971178999861877,219.4086210001842,11.93016894997072,0.9891800000332296,47.59887466722409,2048,32,8,1,131072,1,0,3648,False,FLASH_ATTENTION
,,,,,0.9731489999467158,220.89879999975892,12.016717899996365,0.9960499999124295,47.920895246230394,2048,32,8,1,131072,1,0,3712,False,FLASH_ATTENTION
,,,,,0.9767100000317441,222.5213899996561,12.088325499939856,0.9884849998798018,48.27671896355391,2048,32,8,1,131072,1,0,3776,False,FLASH_ATTENTION
,,,,,0.9840699999585922,227.9597990000184,12.368171349953627,0.996519999944212,49.46016130765622,2048,32,8,1,131072,1,0,3840,False,FLASH_ATTENTION
,,,,,0.9752700002536585,231.66882900022756,12.553644950025955,0.9884999999485444,50.26852665712577,2048,32,8,1,131072,1,0,3904,False,FLASH_ATTENTION
,,,,,0.9738700000525569,231.2424589999864,12.528586850021384,0.9924850000970764,50.176480734947276,2048,32,8,1,131072,1,0,3968,False,FLASH_ATTENTION
,,,,,0.9810199999265024,245.72397700012516,13.257888750035818,1.0080200001993944,53.33142297730314,2048,32,8,1,131072,1,0,4032,False,FLASH_ATTENTION
,,,,,0.9815500002332556,238.26896799982933,12.877663850053978,0.9959595001873822,51.708350082203985,2048,32,8,1,131072,1,0,4096,False,FLASH_ATTENTION
,,,,,0.978300000042509,1.0675990001800528,0.9995964500603804,0.9901200000967947,0.023130674298912624,2048,32,8,1,131072,1,0,4096,False,FLASH_ATTENTION
,,,,,0.9777499999472639,246.17323699976623,13.276543799997853,0.9972749999178632,53.43022332245359,2048,32,8,1,131072,1,0,4352,False,FLASH_ATTENTION
,,,,,0.9807999999793537,262.8980760000559,14.120711649979967,1.009599500321201,57.0734852104162,2048,32,8,1,131072,1,0,4608,False,FLASH_ATTENTION
,,,,,0.9890999999697669,236.8265780000911,12.814598800036947,1.0088550000091345,51.39191763763496,2048,32,8,1,131072,1,0,4864,False,FLASH_ATTENTION
,,,,,0.9860800000751624,267.0741460001409,14.333510150026996,1.0013799999342154,57.98275272268892,2048,32,8,1,131072,1,0,5120,False,FLASH_ATTENTION
,,,,,0.9899990000121761,230.4906790000132,12.496761450051963,1.0013650000928465,50.01128204972475,2048,32,8,1,131072,1,0,5376,False,FLASH_ATTENTION
,,,,,0.9956300000339979,268.9442669998243,14.430212150000443,1.0152699999252945,58.38957488128151,2048,32,8,1,131072,1,0,5632,False,FLASH_ATTENTION
,,,,,1.0261500001433888,401.6377680000005,21.093674950020613,1.0399099999176542,87.30283229334931,2048,32,8,1,131072,1,0,5888,False,FLASH_ATTENTION
,,,,,0.9919400004037016,259.7426299998915,13.966059850008605,1.0114299998349452,56.38504787628233,2048,32,8,1,131072,1,0,6144,False,FLASH_ATTENTION
,,,,,1.0013299997808645,219.20271199996932,11.95107509997797,1.021394999952463,47.546835123772624,2048,32,8,1,131072,1,0,6400,False,FLASH_ATTENTION
,,,,,1.0033299995484413,260.9436799998548,14.04014684997037,1.0275450001699937,56.64358898436731,2048,32,8,1,131072,1,0,6656,False,FLASH_ATTENTION
,,,,,1.0072889999719337,226.0868710000068,12.301738000019213,1.0271400001329312,49.04574114567913,2048,32,8,1,131072,1,0,6912,False,FLASH_ATTENTION
,,,,,0.994020000234741,271.3331879999714,14.556330749974222,1.025114499952906,58.90869902669987,2048,32,8,1,131072,1,0,7168,False,FLASH_ATTENTION
,,,,,1.0197000001426204,230.66098100025556,12.53726189995632,1.032859499900951,50.041064106602654,2048,32,8,1,131072,1,0,7424,False,FLASH_ATTENTION
,,,,,1.0094290000779438,245.59864999991987,13.276406950058117,1.0305549999429786,53.298427089713606,2048,32,8,1,131072,1,0,7680,False,FLASH_ATTENTION
,,,,,1.0330800000701856,253.68010000011054,13.735292000046684,1.0612354999466334,55.04720118354241,2048,32,8,1,131072,1,0,7936,False,FLASH_ATTENTION
,,,,,1.0237699998469907,253.15918900014367,13.673207800070486,1.0440549999657378,54.94190293971685,2048,32,8,1,131072,1,0,8192,False,FLASH_ATTENTION
,,,,,1.016349999645172,263.88319900024726,14.202845399950093,1.0319000000436063,57.280689075413505,2048,32,8,1,131072,1,0,8448,False,FLASH_ATTENTION
,,,,,1.0206990000369842,278.92899700009366,14.985037700080284,1.0482149998551904,60.55297656124732,2048,32,8,1,131072,1,0,8704,False,FLASH_ATTENTION
,,,,,1.0200700003224483,250.32894000014494,13.518846950023544,1.0355800000070303,54.328009585489234,2048,32,8,1,131072,1,0,8960,False,FLASH_ATTENTION
,,,,,1.0193600001002778,271.2360980003723,14.572840250048102,1.0464450001563819,58.88263771993852,2048,32,8,1,131072,1,0,9216,False,FLASH_ATTENTION
,,,,,1.016009000068152,262.6014090001263,14.143470199996955,1.0449449996485782,57.00020779009649,2048,32,8,1,131072,1,0,9472,False,FLASH_ATTENTION
,,,,,1.0215699999207573,291.8648969998685,15.603492250033923,1.0439499999392865,63.37874899475879,2048,32,8,1,131072,1,0,9728,False,FLASH_ATTENTION
,,,,,1.0270000002492452,242.69619100005002,13.145540450022963,1.0448549999182433,52.662567273114455,2048,32,8,1,131072,1,0,9984,False,FLASH_ATTENTION
,,,,,1.0375500000918692,280.7462969999506,15.064833300039027,1.0599499998988904,60.95154417801523,2048,32,8,1,131072,1,0,10240,False,FLASH_ATTENTION
,,,,,1.0466100002304302,314.10025500008487,16.741046600009213,1.0694950001379766,68.21893328053683,2048,32,8,1,131072,1,0,10496,False,FLASH_ATTENTION
,,,,,1.0415400001875241,289.6223759998975,15.510128750020158,1.0631150000790512,62.8856939264706,2048,32,8,1,131072,1,0,10752,False,FLASH_ATTENTION
,,,,,1.0476500001459499,264.35898799991264,14.250897999977497,1.0692450000533427,57.37877993584387,2048,32,8,1,131072,1,0,11008,False,FLASH_ATTENTION
,,,,,1.0570599997663521,276.9237080001403,14.893606750024446,1.0818840000865748,60.113890657465944,2048,32,8,1,131072,1,0,11264,False,FLASH_ATTENTION
,,,,,1.1296800003037788,259.6496789997218,14.098327400051858,1.1515999999573978,56.33339473733756,2048,32,8,1,131072,1,0,11520,False,FLASH_ATTENTION
,,,,,1.1372290000508656,289.8003770001196,15.607479750065067,1.1580500001855398,62.90420408079369,2048,32,8,1,131072,1,0,11776,False,FLASH_ATTENTION
,,,,,1.1406509997868852,286.6363269999965,15.455149249942224,1.1688444999435887,62.21326531089893,2048,32,8,1,131072,1,0,12032,False,FLASH_ATTENTION
,,,,,1.1358300002939359,282.31849700023304,15.241666450037883,1.1684955002237984,61.271668660540364,2048,32,8,1,131072,1,0,12288,False,FLASH_ATTENTION
,,,,,1.1409489998186473,261.2839489997896,14.19012179985657,1.167644999895856,56.68724722128069,2048,32,8,1,131072,1,0,12544,False,FLASH_ATTENTION
,,,,,1.1836900002890616,292.1771669998634,15.772583249986383,1.207860000022265,63.41159612857673,2048,32,8,1,131072,1,0,12800,False,FLASH_ATTENTION
,,,,,1.175760000023729,310.78177500012316,16.693494200035275,1.1982145001638855,67.46851382914758,2048,32,8,1,131072,1,0,13056,False,FLASH_ATTENTION
,,,,,1.1687899996104534,288.6157970001477,15.587149749990203,1.1924099999305326,62.63711935252323,2048,32,8,1,131072,1,0,13312,False,FLASH_ATTENTION
,,,,,1.2005399998997746,242.85998000004838,13.330925450031827,1.2275450001197896,52.65765554901938,2048,32,8,1,131072,1,0,13568,False,FLASH_ATTENTION
,,,,,1.1889689999406983,308.0420050000612,16.57506775004549,1.2176150000868802,66.86713553038817,2048,32,8,1,131072,1,0,13824,False,FLASH_ATTENTION
,,,,,1.1949199997616233,252.800279999974,13.817148849875593,1.2111644996366522,54.82653891038007,2048,32,8,1,131072,1,0,14080,False,FLASH_ATTENTION
,,,,,1.2073699999746168,286.9925269997111,15.542839399927288,1.229645499961407,62.274878358449314,2048,32,8,1,131072,1,0,14336,False,FLASH_ATTENTION
,,,,,1.637749999645166,280.3949070003,15.616351199901146,1.6564244997425703,60.74440883628385,2048,32,8,1,131072,1,0,14592,False,FLASH_ATTENTION
,,,,,1.656220000313624,316.80434500003685,17.4545854499911,1.6794299999673967,68.67558457446063,2048,32,8,1,131072,1,0,14848,False,FLASH_ATTENTION
,,,,,1.673180000125285,271.35834799992153,15.201073250023,1.700249500117934,58.76655979780945,2048,32,8,1,131072,1,0,15104,False,FLASH_ATTENTION
,,,,,1.6831200000524404,308.6153750000449,17.066318150023108,1.7010450001180288,66.8859764950474,2048,32,8,1,131072,1,0,15360,False,FLASH_ATTENTION
,,,,,1.6910599997572717,290.21043700004157,16.158411749961488,1.7164250000405445,62.87188521533649,2048,32,8,1,131072,1,0,15616,False,FLASH_ATTENTION
,,,,,1.7153799999505281,301.0465059996932,16.719624700044733,1.739160000170159,65.22909546033807,2048,32,8,1,131072,1,0,15872,False,FLASH_ATTENTION
,,,,,1.7098899998018169,283.52781700004925,15.839212799983216,1.735480000206735,61.41201060353687,2048,32,8,1,131072,1,0,16128,False,FLASH_ATTENTION
,,,,,1.7399299999851792,284.67480699964653,15.938862749999316,1.7749544999787759,61.652299161575264,2048,32,8,1,131072,1,0,16384,False,FLASH_ATTENTION
,,,,,1.7332899997200002,295.7006060000822,16.46898315002545,1.7481449999650067,64.06017289265877,2048,32,8,1,131072,1,0,16640,False,FLASH_ATTENTION
,,,,,1.7611789999136818,298.1049449999773,16.618163150042164,1.7864600001757935,64.57753128205516,2048,32,8,1,131072,1,0,16896,False,FLASH_ATTENTION
,,,,,1.7660399998931098,319.96359400000074,17.723995649953395,1.790899999832618,69.33855860157334,2048,32,8,1,131072,1,0,17152,False,FLASH_ATTENTION
,,,,,1.7691600000944163,311.7407350000576,17.303683149998506,1.7911249999542633,67.54852213750034,2048,32,8,1,131072,1,0,17408,False,FLASH_ATTENTION
,,,,,1.7916100000547885,288.63333699973737,16.176432749921332,1.8200800000158779,62.50594073669563,2048,32,8,1,131072,1,0,17664,False,FLASH_ATTENTION
,,,,,1.8176799999309878,285.0078259998554,16.01609965002808,1.8416449997857853,61.71096897737398,2048,32,8,1,131072,1,0,17920,False,FLASH_ATTENTION
,,,,,1.8218100003650761,325.33153400027004,18.03879605001839,1.8505890000142244,70.4978221551477,2048,32,8,1,131072,1,0,18176,False,FLASH_ATTENTION
,,,,,1.8052690002150484,331.27321299980395,18.320806049973726,1.8262600001435203,71.79624925704137,2048,32,8,1,131072,1,0,18432,False,FLASH_ATTENTION
,,,,,1.84558000000834,300.30276600018624,16.803081199964254,1.8737894997684634,65.03932113028597,2048,32,8,1,131072,1,0,18688,False,FLASH_ATTENTION
,,,,,1.8398689999230555,304.94116599993504,17.033281099975284,1.8713600002229214,66.05063140469403,2048,32,8,1,131072,1,0,18944,False,FLASH_ATTENTION
,,,,,1.8721100000220758,307.0270960001835,17.16738509996958,1.9015249999938533,66.49841068013345,2048,32,8,1,131072,1,0,19200,False,FLASH_ATTENTION
,,,,,1.8593400000099791,333.2385530002284,18.478213649996178,1.893270000209668,72.21100788959015,2048,32,8,1,131072,1,0,19456,False,FLASH_ATTENTION
,,,,,1.889970000320318,324.47170400018877,18.049121699982607,1.9069899997248285,70.29818886225458,2048,32,8,1,131072,1,0,19712,False,FLASH_ATTENTION
,,,,,1.9107100001747312,283.3173069998338,16.010669200022676,1.925779999965016,61.32438623467556,2048,32,8,1,131072,1,0,19968,False,FLASH_ATTENTION
,,,,,1.9106099998680293,334.0936929998861,18.560457399939878,1.9328349999341299,72.38832685971417,2048,32,8,1,131072,1,0,20224,False,FLASH_ATTENTION
,,,,,1.9523700002537225,338.23004300029424,18.808166550070382,1.9787600001563987,73.28043597576269,2048,32,8,1,131072,1,0,20480,False,FLASH_ATTENTION
,,,,,1.9527089998518932,301.14457500030767,16.939102200012712,1.959344999932,65.20124645977657,2048,32,8,1,131072,1,0,20736,False,FLASH_ATTENTION
,,,,,1.9476800002848904,332.24005300007775,18.511610000064138,1.977024500092739,71.97430271462716,2048,32,8,1,131072,1,0,20992,False,FLASH_ATTENTION
,,,,,1.9707510000444017,324.2815739999969,18.134723049911372,1.9907094997506647,70.23495948788883,2048,32,8,1,131072,1,0,21248,False,FLASH_ATTENTION
,,,,,1.986149000003934,316.4872740003375,17.74896199997329,2.0050999996783503,68.53533065642694,2048,32,8,1,131072,1,0,21504,False,FLASH_ATTENTION
,,,,,1.9897799998034316,322.6444239999182,18.058127600033913,2.0046100000854494,69.87692527534121,2048,32,8,1,131072,1,0,21760,False,FLASH_ATTENTION
,,,,,2.0044999996571278,311.48616500013304,17.510425699992993,2.0241600000190374,67.44269221934074,2048,32,8,1,131072,1,0,22016,False,FLASH_ATTENTION
,,,,,2.0371199998407974,312.1256449999237,17.57381360000636,2.0538300000225718,67.57485581856893,2048,32,8,1,131072,1,0,22272,False,FLASH_ATTENTION
,,,,,2.024259999870992,325.8353339997484,18.248004549946018,2.037940000263916,70.56540467946246,2048,32,8,1,131072,1,0,22528,False,FLASH_ATTENTION
,,,,,2.0524599999589554,330.4866739999852,18.514382100056537,2.0712750001621316,71.57139265399306,2048,32,8,1,131072,1,0,22784,False,FLASH_ATTENTION
,,,,,2.0452200001273013,327.5247629999285,18.36250950000249,2.072895000083008,70.92671754523906,2048,32,8,1,131072,1,0,23040,False,FLASH_ATTENTION
,,,,,2.0675499999924796,332.11065400018924,18.610895549977613,2.0966249999219144,71.9218094918094,2048,32,8,1,131072,1,0,23296,False,FLASH_ATTENTION
,,,,,2.0740700001624646,330.5427329996746,18.536604500036447,2.091859500069404,71.57914984555218,2048,32,8,1,131072,1,0,23552,False,FLASH_ATTENTION
,,,,,2.088878999984445,328.0764840001211,18.426364150013796,2.101639499869634,71.03864985486486,2048,32,8,1,131072,1,0,23808,False,FLASH_ATTENTION
,,,,,2.0874000001640525,341.84111300010045,19.124228999999104,2.1140050000667543,74.03636639521925,2048,32,8,1,131072,1,0,24064,False,FLASH_ATTENTION
,,,,,2.1077900000818772,315.7052240003395,17.828919649969066,2.1342499999263964,68.33754811846543,2048,32,8,1,131072,1,0,24320,False,FLASH_ATTENTION
,,,,,2.132560000063677,334.1495140002735,18.768777549985316,2.1489350001502316,72.35333069534262,2048,32,8,1,131072,1,0,24576,False,FLASH_ATTENTION
,,,,,2.1222699997451855,333.33413299988024,18.731612499959738,2.1558849998655205,72.17480508215931,2048,32,8,1,131072,1,0,24832,False,FLASH_ATTENTION
,,,,,2.142950000234123,325.43855399990207,18.34794854996744,2.162429999998494,70.4514525837279,2048,32,8,1,131072,1,0,25088,False,FLASH_ATTENTION
,,,,,2.1458289998008695,349.3951020000168,19.56690634997358,2.1789389998048136,75.66784056642801,2048,32,8,1,131072,1,0,25344,False,FLASH_ATTENTION
,,,,,2.1395099997789657,360.64249099990775,20.105170349938817,2.154680000103326,78.12465357041124,2048,32,8,1,131072,1,0,25600,False,FLASH_ATTENTION
,,,,,2.182230000016716,345.2886119998766,19.387403399991854,2.2152049998567236,74.76689928951636,2048,32,8,1,131072,1,0,25856,False,FLASH_ATTENTION
,,,,,2.18583999958355,351.48323100020207,19.683520249964204,2.197024499764666,76.12011169885648,2048,32,8,1,131072,1,0,26112,False,FLASH_ATTENTION
,,,,,2.2092300000622345,359.51034100025936,20.105864749962166,2.2226999999475083,77.86475651279143,2048,32,8,1,131072,1,0,26368,False,FLASH_ATTENTION
,,,,,2.1896490002291102,363.9962700003707,20.317562350078333,2.21204000013131,78.84533385640495,2048,32,8,1,131072,1,0,26624,False,FLASH_ATTENTION
,,,,,2.209668999967107,344.86611299962533,19.392625999967095,2.2400845002721326,74.668772772648,2048,32,8,1,131072,1,0,26880,False,FLASH_ATTENTION
,,,,,2.2332399998958863,376.029120000112,20.962475450005513,2.2553644998879463,81.45790226258111,2048,32,8,1,131072,1,0,27136,False,FLASH_ATTENTION
,,,,,2.2351100001287705,364.60986100019,20.393097400028637,2.2552549999090843,78.96877033953203,2048,32,8,1,131072,1,0,27392,False,FLASH_ATTENTION
,,,,,2.2406100001717277,367.233841000143,20.53292085006433,2.259544500248012,79.53869694632094,2048,32,8,1,131072,1,0,27648,False,FLASH_ATTENTION
,,,,,2.2677000001749548,374.79437999991205,20.92377885003316,2.2848940000130824,81.18350778630416,2048,32,8,1,131072,1,0,27904,False,FLASH_ATTENTION
,,,,,2.2682399999212066,372.58736000012505,20.82790985000429,2.2927044999505597,80.69918744393881,2048,32,8,1,131072,1,0,28160,False,FLASH_ATTENTION
,,,,,2.2879399998601,376.2176499999441,21.01785990003009,2.3004050001418364,81.48846350042679,2048,32,8,1,131072,1,0,28416,False,FLASH_ATTENTION
,,,,,2.3222699996949814,383.4654590000355,21.41649485004109,2.339135000056558,83.05975551101233,2048,32,8,1,131072,1,0,28672,False,FLASH_ATTENTION
,,,,,2.3068000000421307,386.2347489998683,21.549347350014614,2.3438245002580516,83.66460418916854,2048,32,8,1,131072,1,0,28928,False,FLASH_ATTENTION
,,,,,2.325699999801145,383.12340900029085,21.40279779998764,2.337574999955905,82.98442876733054,2048,32,8,1,131072,1,0,29184,False,FLASH_ATTENTION
,,,,,2.343919999930222,386.9148399999176,21.60947369995938,2.3600645001806697,83.8068216669583,2048,32,8,1,131072,1,0,29440,False,FLASH_ATTENTION
,,,,,2.3304490000555234,385.5625690002853,21.531975250013602,2.355144999910408,83.51437776379882,2048,32,8,1,131072,1,0,29696,False,FLASH_ATTENTION
,,,,,2.3603900003763556,347.38075199993546,19.64836490003563,2.3871994999353774,75.18699791999676,2048,32,8,1,131072,1,0,29952,False,FLASH_ATTENTION
,,,,,2.372799000113446,357.94958199994653,20.2041543000405,2.3986100002275634,77.48415795239153,2048,32,8,1,131072,1,0,30208,False,FLASH_ATTENTION
,,,,,2.378499999849737,347.66748199990616,19.681833500044377,2.396889999999985,75.24509306421879,2048,32,8,1,131072,1,0,30464,False,FLASH_ATTENTION
,,,,,2.373540000007779,350.6109629997809,19.81597490000695,2.3882600000888488,75.88959966590264,2048,32,8,1,131072,1,0,30720,False,FLASH_ATTENTION
,,,,,2.3981600002116465,347.1541920002892,19.67687785004273,2.4239900001248316,75.12847647956322,2048,32,8,1,131072,1,0,30976,False,FLASH_ATTENTION
,,,,,2.4109700002554746,372.64133999997284,20.961678449998544,2.4337700001524354,80.68088078805285,2048,32,8,1,131072,1,0,31232,False,FLASH_ATTENTION
,,,,,2.4345900001208065,350.76106199994683,19.8947273499698,2.457389500023055,75.90597752575356,2048,32,8,1,131072,1,0,31488,False,FLASH_ATTENTION
,,,,,2.4494200001754507,362.7249609999126,20.526199799974165,2.479750000020431,78.50583137689173,2048,32,8,1,131072,1,0,31744,False,FLASH_ATTENTION
,,,,,2.457048999986,363.56837999983327,20.544574850009667,2.4749599999722705,78.69508249223713,2048,32,8,1,131072,1,0,32000,False,FLASH_ATTENTION
,,,,,2.4500090003130026,360.2827910003725,20.394997250059532,2.474574500183735,77.97565423131505,2048,32,8,1,131072,1,0,32256,False,FLASH_ATTENTION
,,,,,2.493129999947996,344.2043520003608,19.617713850016116,2.509013999997478,74.46531996318136,2048,32,8,1,131072,1,0,32512,False,FLASH_ATTENTION
,,,,,2.5104989999817917,387.983838999844,21.82708874997843,2.5391394999587646,84.00214765941107,2048,32,8,1,131072,1,0,32768,False,FLASH_ATTENTION
,,,,,2.527919999920414,380.0638299999264,21.456759900001998,2.546489999986079,82.27013640632377,2048,32,8,1,131072,1,0,33024,False,FLASH_ATTENTION
,,,,,2.526529000078881,351.02600100026393,20.00601375000315,2.5513649998174515,75.94123125002893,2048,32,8,1,131072,1,0,33280,False,FLASH_ATTENTION
,,,,,2.568418999999267,384.7454189999553,21.727641750021576,2.6036844999453024,83.28202539062036,2048,32,8,1,131072,1,0,33536,False,FLASH_ATTENTION
,,,,,2.5526800000079675,374.5840589999716,21.19764475003194,2.5807995002651296,81.07243860573864,2048,32,8,1,131072,1,0,33792,False,FLASH_ATTENTION
,,,,,2.565279999998893,365.2844000002915,20.75302489997739,2.5969944999815198,79.04095900237175,2048,32,8,1,131072,1,0,34048,False,FLASH_ATTENTION
,,,,,2.5857599998744263,375.88365000010526,21.28478280001218,2.598309499944662,81.35058655853479,2048,32,8,1,131072,1,0,34304,False,FLASH_ATTENTION
,,,,,2.584230000138632,362.7016700002059,20.630945800007794,2.612619999808885,78.47643400830417,2048,32,8,1,131072,1,0,34560,False,FLASH_ATTENTION
,,,,,2.5974589998440933,368.55856000011045,20.92386790002365,2.6055200000882905,79.75289518330166,2048,32,8,1,131072,1,0,34816,False,FLASH_ATTENTION
,,,,,2.612000000226544,370.1993899999252,21.05091184992034,2.6357699996424344,80.10022808342352,2048,32,8,1,131072,1,0,35072,False,FLASH_ATTENTION
,,,,,2.6165799999944284,382.14381899979344,21.638504199995623,2.6442649998443812,82.70562507992338,2048,32,8,1,131072,1,0,35328,False,FLASH_ATTENTION
,,,,,2.6543999997556966,378.5533000000214,21.48538024998743,2.670034999937343,81.91702321883821,2048,32,8,1,131072,1,0,35584,False,FLASH_ATTENTION
,,,,,2.642120000018622,372.4187699999675,21.16731459998391,2.6648145001217927,80.58264025459951,2048,32,8,1,131072,1,0,35840,False,FLASH_ATTENTION
,,,,,2.6781399997162225,367.05428099958226,20.94300584994926,2.7034750000893837,79.40339831845493,2048,32,8,1,131072,1,0,36096,False,FLASH_ATTENTION
,,,,,2.686948999780725,375.32278999970003,21.361733750018175,2.7002550000361225,81.20426875271545,2048,32,8,1,131072,1,0,36352,False,FLASH_ATTENTION
,,,,,2.6969300001837837,380.5579790000593,21.62898135004525,2.727450000065801,82.34398840822588,2048,32,8,1,131072,1,0,36608,False,FLASH_ATTENTION
,,,,,2.7388199996494222,400.06363799966493,22.638883199965676,2.7512700000897894,86.58720604979011,2048,32,8,1,131072,1,0,36864,False,FLASH_ATTENTION
,,,,,2.754640000148356,371.4023399998041,21.226283300029536,2.7673599997797282,80.33593346153901,2048,32,8,1,131072,1,0,37120,False,FLASH_ATTENTION
,,,,,2.7469300002849195,406.96750800043446,22.987800250029977,2.762775000064721,88.09100662660863,2048,32,8,1,131072,1,0,37376,False,FLASH_ATTENTION
,,,,,2.7632100000118953,387.7228289998129,22.045489199945223,2.7811749998818414,83.89216270709274,2048,32,8,1,131072,1,0,37632,False,FLASH_ATTENTION
,,,,,2.768090000245138,387.9332890001024,22.06312965001871,2.783770000178265,83.9364128694674,2048,32,8,1,131072,1,0,37888,False,FLASH_ATTENTION
,,,,,2.822129999913159,394.8177080001187,22.454401750042052,2.8361150000364432,85.42603255077798,2048,32,8,1,131072,1,0,38144,False,FLASH_ATTENTION
,,,,,2.7799499998764077,362.9229610000948,20.81673985001089,2.7934644997458236,78.48458546477023,2048,32,8,1,131072,1,0,38400,False,FLASH_ATTENTION
,,,,,2.798419999635371,371.9405699998788,21.287240349943204,2.8097249999063934,80.44542245963912,2048,32,8,1,131072,1,0,38656,False,FLASH_ATTENTION
,,,,,2.764909999768861,357.9256909997639,20.563212950060006,2.785725000194361,77.3962970823672,2048,32,8,1,131072,1,0,38912,False,FLASH_ATTENTION
,,,,,2.812400000038906,364.77548100037893,20.956510350060853,2.8396795000844577,78.8775140753147,2048,32,8,1,131072,1,0,39168,False,FLASH_ATTENTION
,,,,,2.8250399996068154,373.5790000000634,21.3968842499753,2.840574999936507,80.79615058618819,2048,32,8,1,131072,1,0,39424,False,FLASH_ATTENTION
,,,,,2.824709999913466,370.77371999976094,21.265790249913152,2.84481449989471,80.18266009546046,2048,32,8,1,131072,1,0,39680,False,FLASH_ATTENTION
,,,,,2.8157900001133385,374.1402000000562,21.427896249997502,2.846540000064124,80.91777961983101,2048,32,8,1,131072,1,0,39936,False,FLASH_ATTENTION
,,,,,2.8477999999267922,376.4818990002823,21.57171024996387,2.8688549998605595,81.42201584774789,2048,32,8,1,131072,1,0,40192,False,FLASH_ATTENTION
,,,,,2.8526199998850643,374.23020000005636,21.45600125004421,2.862520000007862,80.93198564074405,2048,32,8,1,131072,1,0,40448,False,FLASH_ATTENTION
,,,,,2.880600000025879,381.7576189999272,21.873397300032593,2.9125394999027776,82.56313305581445,2048,32,8,1,131072,1,0,40704,False,FLASH_ATTENTION
,,,,,2.9137699998500466,365.1025300000583,21.07760564997534,2.93689400018593,78.92478693354698,2048,32,8,1,131072,1,0,40960,False,FLASH_ATTENTION
,,,,,2.907779999986815,390.21260800018354,22.314204200029053,2.9198800002632197,84.40171885250261,2048,32,8,1,131072,1,0,41216,False,FLASH_ATTENTION
,,,,,2.909489000103349,383.52093899993633,21.97403775003295,2.9236600000785984,82.94458604658345,2048,32,8,1,131072,1,0,41472,False,FLASH_ATTENTION
,,,,,2.911649999987276,376.4018599999872,21.62782740001603,2.9261499998938234,81.39079094691505,2048,32,8,1,131072,1,0,41728,False,FLASH_ATTENTION
,,,,,2.92325099962909,378.55323000030694,21.73701180001899,2.9379094999057997,81.85928110482378,2048,32,8,1,131072,1,0,41984,False,FLASH_ATTENTION
,,,,,2.948909999759053,374.23705999981394,21.5539433500453,2.9732000000421976,80.91109020410632,2048,32,8,1,131072,1,0,42240,False,FLASH_ATTENTION
,,,,,2.957668999897578,377.3637190001864,21.713839700009885,2.9736090000369586,81.59170743840845,2048,32,8,1,131072,1,0,42496,False,FLASH_ATTENTION
,,,,,2.978549999625102,377.8750190003848,21.758241750035268,2.9944289999548346,81.69881649435382,2048,32,8,1,131072,1,0,42752,False,FLASH_ATTENTION
,,,,,2.9523199996219773,364.4007010002497,21.054163749977306,2.9650994997609814,78.76912288174418,2048,32,8,1,131072,1,0,43008,False,FLASH_ATTENTION
,,,,,2.9975100001138344,381.4020689997051,21.95833460002632,3.0169045001002814,82.4620997210952,2048,32,8,1,131072,1,0,43264,False,FLASH_ATTENTION
,,,,,3.003149000051053,384.1799390002052,22.098310750038763,3.017869999894174,83.06725231105396,2048,32,8,1,131072,1,0,43520,False,FLASH_ATTENTION
,,,,,3.052819999993517,382.6985790001345,22.071690199982186,3.0698245000166935,82.73351145416963,2048,32,8,1,131072,1,0,43776,False,FLASH_ATTENTION
,,,,,3.0078889999458625,368.3916909999425,21.310146200039526,3.025604999947973,79.62599440922645,2048,32,8,1,131072,1,0,44032,False,FLASH_ATTENTION
,,,,,3.072000000429398,378.75798999994004,21.893511150005907,3.0982050000147865,81.87035749119869,2048,32,8,1,131072,1,0,44288,False,FLASH_ATTENTION
,,,,,3.058570000121108,377.4349899999834,21.81251525003063,3.0715799998688453,81.58542651580349,2048,32,8,1,131072,1,0,44544,False,FLASH_ATTENTION
,,,,,3.072169999995822,383.6862690000089,22.151942750042508,3.1046000001424545,82.94169162706588,2048,32,8,1,131072,1,0,44800,False,FLASH_ATTENTION
,,,,,3.1170899997050583,394.0853789999892,22.703027600005043,3.1338189999132737,85.20098377622271,2048,32,8,1,131072,1,0,45056,False,FLASH_ATTENTION
,,,,,3.0990999998721236,407.0057269996141,23.32348264999382,3.113779999921462,88.0227653383896,2048,32,8,1,131072,1,0,45312,False,FLASH_ATTENTION
,,,,,3.108500000053027,483.454441000049,27.16076029996657,3.1287045001135994,104.68096797827721,2048,32,8,1,131072,1,0,45568,False,FLASH_ATTENTION
,,,,,3.1344990002253326,395.1625380000223,22.777425049980593,3.156329500143329,85.43103307699477,2048,32,8,1,131072,1,0,45824,False,FLASH_ATTENTION
,,,,,3.095420000136073,395.2301780000198,22.752648199957548,3.129514499960351,85.45223843672711,2048,32,8,1,131072,1,0,46080,False,FLASH_ATTENTION
,,,,,3.1331989998761856,406.66336799995406,23.35123479995218,3.151929999830827,87.93786537716764,2048,32,8,1,131072,1,0,46336,False,FLASH_ATTENTION
,,,,,3.1469700002162426,417.3697969999921,23.889263599949118,3.161319999890111,90.270650498977,2048,32,8,1,131072,1,0,46592,False,FLASH_ATTENTION
,,,,,3.161838999858446,424.0901059997668,24.241681499961487,3.181799999993018,91.73154331267482,2048,32,8,1,131072,1,0,46848,False,FLASH_ATTENTION
,,,,,3.134349999982078,414.34505600000193,23.733469650005645,3.157919500154094,89.61246755492377,2048,32,8,1,131072,1,0,47104,False,FLASH_ATTENTION
,,,,,3.197909999926196,411.8904070001008,23.6815961500497,3.2244599999557977,89.06126058548709,2048,32,8,1,131072,1,0,47360,False,FLASH_ATTENTION
,,,,,3.186389999882522,394.39894799988906,22.77413974998126,3.195754999978817,85.2565992590758,2048,32,8,1,131072,1,0,47616,False,FLASH_ATTENTION
,,,,,3.2086000001072534,428.69535499994527,24.5145588999776,3.2265889999507635,92.72545564166816,2048,32,8,1,131072,1,0,47872,False,FLASH_ATTENTION
,,,,,3.2004390000111016,429.8956449997604,24.57366754999839,3.2216444999448868,92.98726487329918,2048,32,8,1,131072,1,0,48128,False,FLASH_ATTENTION
,,,,,3.2412600003226544,389.20874800032834,22.5733976499896,3.26216450002903,84.111941918806,2048,32,8,1,131072,1,0,48384,False,FLASH_ATTENTION
,,,,,3.2474499998897954,386.95480900014445,22.464767299948107,3.267894999908094,83.61977659122944,2048,32,8,1,131072,1,0,48640,False,FLASH_ATTENTION
,,,,,3.2598090001556557,402.2286169997642,23.24814654994043,3.2836749999205495,86.94410956962064,2048,32,8,1,131072,1,0,48896,False,FLASH_ATTENTION
,,,,,3.310318999865558,382.221018999644,22.29700624995985,3.329389999862542,82.57226241812295,2048,32,8,1,131072,1,0,49152,False,FLASH_ATTENTION
,,,,,3.2813500001793727,388.10284900000624,22.56554424998285,3.308009999955175,83.86004199094248,2048,32,8,1,131072,1,0,49408,False,FLASH_ATTENTION
,,,,,3.296929000043747,409.19768799994927,23.632931499992083,3.3209094999619992,88.45464833000177,2048,32,8,1,131072,1,0,49664,False,FLASH_ATTENTION
,,,,,3.3202999998138694,417.54368600004454,24.085084600051232,3.3597045000988146,90.26561983358877,2048,32,8,1,131072,1,0,49920,False,FLASH_ATTENTION
,,,,,3.324129999782599,398.5110280000299,23.124611149955854,3.3421650000491354,86.1196026943994,2048,32,8,1,131072,1,0,50176,False,FLASH_ATTENTION
,,,,,3.3397689999219438,411.05220700001155,23.765934550033307,3.3579845000986097,88.84958795767626,2048,32,8,1,131072,1,0,50432,False,FLASH_ATTENTION
,,,,,3.3433190001233015,395.7841980000012,23.025545599989528,3.3762440002647054,85.51675442025928,2048,32,8,1,131072,1,0,50688,False,FLASH_ATTENTION
,,,,,3.3545300002515432,412.2975860000224,23.836803500034875,3.373069999724976,89.11904406611352,2048,32,8,1,131072,1,0,50944,False,FLASH_ATTENTION
,,,,,3.327390000322339,399.73155899997437,23.179355600018425,3.342295000265949,86.38702503337743,2048,32,8,1,131072,1,0,51200,False,FLASH_ATTENTION
,,,,,3.38257999965208,430.9559960001934,24.793923499987613,3.3986344999448193,93.17999466492606,2048,32,8,1,131072,1,0,51456,False,FLASH_ATTENTION
,,,,,3.3890400000018417,409.18251699986286,23.710195550006574,3.399184999807403,88.43345459764323,2048,32,8,1,131072,1,0,51712,False,FLASH_ATTENTION
,,,,,3.4080899999935355,428.32652500010227,24.695945050029877,3.4225500000957254,92.59925022849545,2048,32,8,1,131072,1,0,51968,False,FLASH_ATTENTION
,,,,,3.39639999992869,408.8225880000209,23.703913600070337,3.4161700002641737,88.35230999411036,2048,32,8,1,131072,1,0,52224,False,FLASH_ATTENTION
,,,,,3.411559999676683,409.9391569998261,23.77444299995659,3.433954999991329,88.59228657795553,2048,32,8,1,131072,1,0,52480,False,FLASH_ATTENTION
,,,,,3.439729000092484,423.9800259997537,24.533688400015308,3.4756000000015774,91.6393363293483,2048,32,8,1,131072,1,0,52736,False,FLASH_ATTENTION
,,,,,3.457049000189727,431.98763500004134,24.924097499956588,3.4734299999854557,93.38680980869725,2048,32,8,1,131072,1,0,52992,False,FLASH_ATTENTION
,,,,,3.512490000048274,396.6252980003446,23.199483150028755,3.5301099999287544,85.66978096567948,2048,32,8,1,131072,1,0,53248,False,FLASH_ATTENTION
,,,,,3.4821799999917857,405.20103700009713,23.61596560003818,3.5188295000807557,87.54164582152016,2048,32,8,1,131072,1,0,53504,False,FLASH_ATTENTION
,,,,,3.492319000088173,410.6388479999623,23.902499149994583,3.5118799999054318,88.72347118240816,2048,32,8,1,131072,1,0,53760,False,FLASH_ATTENTION
,,,,,3.558540000085486,409.0310269998554,23.876481599972976,3.5780444998181338,88.3605472926722,2048,32,8,1,131072,1,0,54016,False,FLASH_ATTENTION
,,,,,3.5290490000079444,409.4607669999277,23.863942650086756,3.552255000158766,88.46200327501228,2048,32,8,1,131072,1,0,54272,False,FLASH_ATTENTION
,,,,,3.564979999737261,413.84540700028083,24.116472499963493,3.580459999966479,89.40997585952972,2048,32,8,1,131072,1,0,54528,False,FLASH_ATTENTION
,,,,,3.5595490003288432,408.4300570002597,23.85794154999985,3.5757099999500497,88.22694776229417,2048,32,8,1,131072,1,0,54784,False,FLASH_ATTENTION
,,,,,3.581500000109372,420.3309059998901,24.458553949943962,3.5978494997834787,90.81937892694116,2048,32,8,1,131072,1,0,55040,False,FLASH_ATTENTION
,,,,,3.547290000369685,408.53081700015537,23.839173500050492,3.5777250002411165,88.25434310237769,2048,32,8,1,131072,1,0,55296,False,FLASH_ATTENTION
,,,,,3.6386090000632976,430.3808449999451,25.009036550022756,3.665179999643442,92.99869515710327,2048,32,8,1,131072,1,0,55552,False,FLASH_ATTENTION
,,,,,3.608839999742486,418.9121859999432,24.411753099934685,3.624318999982279,90.50463106753372,2048,32,8,1,131072,1,0,55808,False,FLASH_ATTENTION
,,,,,3.6173099997540703,423.8467949999176,24.674074049926276,3.6338150000574387,91.57655039995839,2048,32,8,1,131072,1,0,56064,False,FLASH_ATTENTION
,,,,,3.6159999999654246,436.631225000383,25.309591949985588,3.638424499968096,94.36368161518253,2048,32,8,1,131072,1,0,56320,False,FLASH_ATTENTION
,,,,,3.637689999777649,432.29421499972887,25.117197899976418,3.6636549998547707,93.41285923386789,2048,32,8,1,131072,1,0,56576,False,FLASH_ATTENTION
,,,,,3.6398500001268985,434.70220500012147,25.245549000032952,3.670959499913806,93.93585622249698,2048,32,8,1,131072,1,0,56832,False,FLASH_ATTENTION
,,,,,3.728910000063479,429.6827450002638,25.05473790004089,3.7365989999216254,92.82805727350589,2048,32,8,1,131072,1,0,57088,False,FLASH_ATTENTION
,,,,,3.716618999987986,415.38532600043254,24.343576499995834,3.747629499912364,89.71116305878098,2048,32,8,1,131072,1,0,57344,False,FLASH_ATTENTION
,,,,,4.721519999748125,434.03860399985206,26.222949400039397,4.738284500035661,93.55935225779682,2048,32,8,1,131072,1,0,57600,False,FLASH_ATTENTION
,,,,,4.738099999940459,446.6396640000312,26.875741799972275,4.764219499975297,96.30047276715501,2048,32,8,1,131072,1,0,57856,False,FLASH_ATTENTION
,,,,,4.794728999968356,452.41201400040154,27.21643120000863,4.817879500023992,97.54657909327065,2048,32,8,1,131072,1,0,58112,False,FLASH_ATTENTION
,,,,,4.716100000223378,428.29885599985573,25.927937850042326,4.734434499823692,92.31024256821496,2048,32,8,1,131072,1,0,58368,False,FLASH_ATTENTION
,,,,,4.785918999914429,422.1120460001657,25.69881105002878,4.816474500330514,90.94347254776443,2048,32,8,1,131072,1,0,58624,False,FLASH_ATTENTION
,,,,,4.763530000218452,428.4442449998096,25.98036179999781,4.778889499903016,92.33157005721284,2048,32,8,1,131072,1,0,58880,False,FLASH_ATTENTION
,,,,,4.80832899984307,458.7290629997369,27.53790370002207,4.8259690001941635,98.92205880069969,2048,32,8,1,131072,1,0,59136,False,FLASH_ATTENTION
,,,,,4.55469999997149,449.6099940001841,26.862636400005613,4.590889499922923,96.9849265858121,2048,32,8,1,131072,1,0,59392,False,FLASH_ATTENTION
,,,,,4.88210900039121,454.31840299988835,27.40425525007595,4.8957250003240915,97.94086737198796,2048,32,8,1,131072,1,0,59648,False,FLASH_ATTENTION
,,,,,4.882469000222045,451.33948400007284,27.24572635002005,4.910725000172533,97.29380360766875,2048,32,8,1,131072,1,0,59904,False,FLASH_ATTENTION
,,,,,4.9157200000991,421.26184600010674,25.763466950070324,4.931030000079772,90.73357853506104,2048,32,8,1,131072,1,0,60160,False,FLASH_ATTENTION
,,,,,4.838090000248485,465.29883199991673,27.9143157499675,4.880809500036776,100.3429301922584,2048,32,8,1,131072,1,0,60416,False,FLASH_ATTENTION
,,,,,4.9733189998733,461.2057320000531,27.856361850012945,5.019629499884104,99.41725803001637,2048,32,8,1,131072,1,0,60672,False,FLASH_ATTENTION
,,,,,4.947910000282718,433.88638499982335,26.42382839997026,4.960254999787139,93.47834468245948,2048,32,8,1,131072,1,0,60928,False,FLASH_ATTENTION
,,,,,5.103890000100364,423.6818959998345,26.084016250092645,5.139154000062263,91.2152412941287,2048,32,8,1,131072,1,0,61184,False,FLASH_ATTENTION
,,,,,4.767128999901615,408.3940279997478,24.992380499998035,4.788714000142136,87.95841394416937,2048,32,8,1,131072,1,0,61440,False,FLASH_ATTENTION
,,,,,5.177228999855288,424.5646559998022,26.1994743999594,5.2199149999978545,91.39127184394339,2048,32,8,1,131072,1,0,61696,False,FLASH_ATTENTION
,,,,,5.021530000249186,435.36804499990467,26.5840498499756,5.056299499983652,93.78150905099764,2048,32,8,1,131072,1,0,61952,False,FLASH_ATTENTION
,,,,,5.035319999933563,423.11886599964055,25.9849239499772,5.056639999793333,91.10884621882356,2048,32,8,1,131072,1,0,62208,False,FLASH_ATTENTION
,,,,,4.974298999968596,448.24847400013823,27.18062734995783,5.006704999914291,96.59961321149908,2048,32,8,1,131072,1,0,62464,False,FLASH_ATTENTION
,,,,,5.072669000128371,433.655644999817,26.54274235005687,5.0928045000091515,93.39814167121634,2048,32,8,1,131072,1,0,62720,False,FLASH_ATTENTION
,,,,,5.062419999831036,435.758375000205,26.65233385002921,5.094675000009374,93.85541566590632,2048,32,8,1,131072,1,0,62976,False,FLASH_ATTENTION
,,,,,5.092070000046078,427.714394999839,26.275514849999126,5.1197999998748855,92.09643896294979,2048,32,8,1,131072,1,0,63232,False,FLASH_ATTENTION
,,,,,4.8401700000795245,414.16089799986366,25.341329450043304,4.861604500092653,89.2013535906961,2048,32,8,1,131072,1,0,63488,False,FLASH_ATTENTION
,,,,,5.205768999985594,444.1342949999125,27.190876350073268,5.224334500098848,95.65340158187851,2048,32,8,1,131072,1,0,63744,False,FLASH_ATTENTION
,,,,,5.174020000140445,427.12791499980085,26.316172900010315,5.198289500185638,91.9525491463568,2048,32,8,1,131072,1,0,64000,False,FLASH_ATTENTION
,,,,,5.186710000089079,450.43628400026137,27.501700750053715,5.223214500119866,97.02789389274926,2048,32,8,1,131072,1,0,64256,False,FLASH_ATTENTION
,,,,,5.12808000030418,419.4345260002592,25.879825949959923,5.146374999867476,90.28767985914628,2048,32,8,1,131072,1,0,64512,False,FLASH_ATTENTION
,,,,,5.246409999926982,453.1857530000707,27.683485750094405,5.265624000230673,97.61694058208151,2048,32,8,1,131072,1,0,64768,False,FLASH_ATTENTION
,,,,,5.242068999905314,445.5565739999656,27.29540024997732,5.2639145001194265,95.9557204816752,2048,32,8,1,131072,1,0,65024,False,FLASH_ATTENTION
,,,,,5.216790000304172,443.92340400008834,27.193352850008523,5.247894500143957,95.60446163285958,2048,32,8,1,131072,1,0,65280,False,FLASH_ATTENTION
,,,,,5.051860000094166,443.01200500012783,26.98608185005469,5.078429500144921,95.4429114255984,2048,32,8,1,131072,1,0,65536,False,FLASH_ATTENTION
