prefill_chunk_size,kv_cache_size,batch_size,is_prefill,mean_ns,p50_ns,p90_ns,max_ns
32,0,1,True,1937404.799991782,952379.9999442417,20550638.000258915,20550638.000258915
32,32,1,True,6710760.300029506,959469.9999979639,115656818.99992342,115656818.99992342
32,64,1,True,8990987.25001295,975104.9999522365,160965354.9999166,160965354.9999166
32,96,1,True,9282930.549989032,968629.9999884795,166920764.99975884,166920764.99975884
32,128,1,True,9282752.200033428,983274.4999584975,166713914.9999457,166713914.9999457
32,160,1,True,9831436.7000512,967349.9998825719,177898383.99994552,177898383.99994552
32,192,1,True,10605385.050007498,968670.0000202109,193481682.99984536,193481682.99984536
32,224,1,True,10439975.850044902,961539.5001674187,190184191.9998333,190184191.9998333
32,256,1,True,9509208.20000647,964954.9999721785,171434554.99990523,171434554.99990523
32,288,1,True,13195908.249963395,980554.4998471305,245071137.99973014,245071137.99973014
32,320,1,True,13023191.749994112,985890.0002654991,241557287.99996722,241557287.99996722
32,352,1,True,12726718.800104208,975445.0002219528,235728957.9999815,235728957.9999815
32,384,1,True,12947051.349897265,962834.999882034,240305087.99978635,240305087.99978635
32,416,1,True,15571563.000003152,957155.0001510332,292763922.9997112,292763922.9997112
32,448,1,True,14958807.200014235,945940.000065093,280848213.99988866,280848213.99988866
32,480,1,True,15302078.14998903,956085.0000980281,287527813.9999864,287527813.9999864
64,0,1,True,2270045.8000144865,952105.0001239928,27196797.99974983,27196797.99974983
64,64,1,True,11649869.400025636,962019.5000934473,214401159.9998521,214401159.9998521
64,128,1,True,11266465.550011162,977229.4999947917,206297732.00016645,206297732.00016645
64,192,1,True,16524373.29996701,960264.0000139218,311823501.9996973,311823501.9996973
64,256,1,True,15712719.149996702,966479.5002208848,295588523.9998679,295588523.9998679
64,320,1,True,20970686.650093738,976585.0002168008,400543704.0000288,400543704.0000288
64,384,1,True,20439088.699936293,969230.000009702,389985974.99994504,389985974.99994504
64,448,1,True,26301210.19994931,961264.9998871348,507324153.0003543,507324153.0003543
96,0,1,True,2274903.249963245,948755.0000812917,27280167.999833792,27280167.999833792
96,96,1,True,11665278.450050209,956674.999997631,214736220.00030446,214736220.00030446
96,192,1,True,16956922.44993552,963784.9998398451,320440801.0001316,320440801.0001316
96,288,1,True,24394669.750017785,972169.000078793,469122977.00009733,469122977.00009733
96,384,1,True,21971978.000078708,976745.0001163525,420450781.999989,420450781.999989
128,0,1,True,2216121.300057239,941199.9999429099,26166676.999764603,26166676.999764603
128,128,1,True,11794151.000026431,955850.0000821368,217246310.0000641,217246310.0000641
128,256,1,True,18868838.24997767,967090.0001310656,358558297.99993443,358558297.99993443
128,384,1,True,27373374.999979205,970509.4998935238,528713012.00002563,528713012.00002563
128,0,1,True,939670.7500400225,935160.0001537008,991719.000012381,991719.000012381
128,128,1,True,941229.0500677045,936705.5001803237,972040.0003061513,972040.0003061513
128,256,1,True,971401.0000834605,961649.9999083317,1117480.0001754193,1117480.0001754193
128,384,1,True,962840.4000295631,954675.0000026805,1012510.0002369436,1012510.0002369436
160,0,1,True,2461920.200039458,950449.4998964219,31038067.000281446,31038067.000281446
160,160,1,True,29371000.80005166,971165.0000099326,568636357.9998215,568636357.9998215
160,320,1,True,22719384.499919213,971334.9998037302,435506389.9997731,435506389.9997731
192,0,1,True,2392643.799976213,960224.4999769027,29368966.999754775,29368966.999754775
192,192,1,True,31933000.600065496,975470.0001849415,619655673.0001248,619655673.0001248
224,0,1,True,2476942.700013751,952999.9999813299,31260187.000043515,31260187.000043515
224,224,1,True,35908023.54999596,972314.9998990266,699308136.000127,699308136.000127
256,0,1,True,2485380.7000454254,950469.9999069999,31443747.00013941,31443747.00013941
256,256,1,True,21286583.65004412,967780.0001099968,406947323.00016767,406947323.00016767
288,0,1,True,3040839.3501147656,958695.0000084471,42178616.00000106,42178616.00000106
320,0,1,True,2967458.200009787,951509.500055181,41036405.99987557,41036405.99987557
352,0,1,True,2982143.749977695,943055.0001070515,41510366.00023872,41510366.00023872
384,0,1,True,2979659.750008068,957375.0000981818,41106196.99986273,41106196.99986273
416,0,1,True,3245100.7000190658,954424.9999180465,46453415.999621935,46453415.999621935
448,0,1,True,3221298.1499924352,965969.9999247096,45692236.000377305,45692236.000377305
480,0,1,True,3377661.799959242,956914.9999606452,49077936.00023069,49077936.00023069
512,0,1,True,3239038.799961236,955099.999828235,46313035.99990133,46313035.99990133
32,0,1,True,943303.9000896316,935895.0001114863,973709.9999256316,973709.9999256316
64,0,1,True,940323.900022122,933945.0000425131,967680.0000306685,967680.0000306685
96,0,1,True,956969.3500225185,946394.5000334206,1045770.0000188197,1045770.0000188197
128,0,1,True,956657.8999965714,947465.000081138,1024089.9996460939,1024089.9996460939
160,0,1,True,951807.4499510475,946560.0001021812,993549.9997482111,993549.9997482111
192,0,1,True,957777.8999982912,947859.5002292423,1025399.9998894869,1025399.9998894869
224,0,1,True,958279.4000607464,947505.0001128693,1036379.9997321621,1036379.9997321621
256,0,1,True,956176.5000171363,950529.9999545969,980400.0001167879,980400.0001167879
288,0,1,True,958115.3499993889,950079.9997113063,994500.0001607696,994500.0001607696
320,0,1,True,959073.9000486792,955484.5000820933,1010780.0003424927,1010780.0003424927
352,0,1,True,971351.4999702966,962559.9998344114,1027580.0000272284,1027580.0000272284
384,0,1,True,966134.350073844,963689.5001676749,995240.000065678,995240.000065678
416,0,1,True,969962.3500409871,964170.0000884157,1045089.9999341345,1045089.9999341345
448,0,1,True,983104.9000240455,962729.9998555827,1236889.9997454719,1236889.9997454719
480,0,1,True,969853.4500557799,967700.5002686201,1004018.9999926952,1004018.9999926952
0,32,1,False,4834495.549971507,972754.5000259852,77793092.99985471,77793092.99985471
0,64,1,False,6271807.900066051,975159.5000579982,106482560.99966602,106482560.99966602
0,96,1,False,6381145.000023025,993535.0001342158,108295840.00020987,108295840.00020987
0,128,1,False,5721492.649990978,981505.5002491135,95340061.99965006,95340061.99965006
0,160,1,False,7932673.300024362,986994.9999483651,139621227.00013423,139621227.00013423
0,192,1,False,8266548.149958908,977739.4998309319,146372416.99983862,146372416.99983862
0,224,1,False,8240316.29995261,967305.0001310912,146034586.0000416,146034586.0000416
0,256,1,False,7628461.750027781,983225.0000272325,133455448.00040443,133455448.00040443
0,288,1,False,10425578.100034727,979124.9999580032,189638943.00031826,189638943.00031826
0,320,1,False,9986074.500011455,979325.0001166598,180712652.99977311,180712652.99977311
0,352,1,False,10244927.649978308,983120.0000007811,185768754.000037,185768754.000037
0,384,1,False,9511118.150066977,982180.0001645897,171274024.00001302,171274024.00001302
0,416,1,False,12270403.000002261,961360.0000193401,226771310.00000373,226771310.00000373
0,448,1,False,12069247.950080354,967160.0000729086,222599720.00028938,222599720.00028938
0,480,1,False,12480200.39995481,973914.9998040375,230682218.99984565,230682218.99984565
0,512,1,False,11257882.949917074,965210.0000039354,206482650.9999875,206482650.9999875
0,544,1,False,9470549.249999749,976704.5000899088,170560045.000002,170560045.000002
0,576,1,False,9020480.699950894,977260.0001269893,161382535.00002974,161382535.00002974
0,608,1,False,8946564.349935215,978384.999825721,160016105.00006792,160016105.00006792
0,640,1,False,8888719.10005946,977574.9997515959,158905206.00032687,158905206.00032687
0,672,1,False,10257460.599882506,986094.9999165314,186106122.99971762,186106122.99971762
0,704,1,False,9877287.649987921,962869.9997392687,178752982.99986753,178752982.99986753
0,736,1,False,10190281.549989777,982159.9999213504,184832463.00002065,184832463.00002065
0,768,1,False,9230090.099958943,985845.0000592711,165605343.99968675,165605343.99968675
0,800,1,False,11283786.95000265,975125.0001954759,206685600.9996627,206685600.9996627
0,832,1,False,11110126.049993597,982045.0000006531,203183501.9997743,203183501.9997743
0,864,1,False,10772846.049940199,984124.4998369802,196140381.99961215,196140381.99961215
0,896,1,False,11152624.99997698,995674.4997907663,203805292.00019738,203805292.00019738
0,928,1,False,12569585.300093422,985554.9999429059,232249018.99993712,232249018.99993712
0,960,1,False,11807843.849987876,995800.0000551692,216876670.99968165,216876670.99968165
0,992,1,False,11686387.849999847,988074.4999009039,214471690.00020948,214471690.00020948
0,1024,1,False,11518312.55003799,996315.0000658061,210900790.99985814,210900790.99985814
0,1024,1,False,986048.4000455472,978110.0000054721,1046970.0000612647,1046970.0000612647
0,1088,1,False,10930426.049958441,1001215.0000875408,199381932.00005117,199381932.00005117
0,1152,1,False,10096258.999965357,983464.4999955344,182761542.99974224,182761542.99974224
0,1216,1,False,9455764.100016495,985089.499863534,170004844.99976665,170004844.99976665
0,1280,1,False,10069424.549965333,987399.9999854277,182269522.99983168,182269522.99983168
0,1344,1,False,9787724.650004748,980579.0000427805,176680194.00025514,176680194.00025514
0,1408,1,False,9329981.099995166,978894.9998892349,167626844.00009674,167626844.00009674
0,1472,1,False,13067305.700042197,995719.500224368,242074178.0001663,242074178.0001663
0,1536,1,False,12290883.800005758,977829.5000160142,226893738.9999337,226893738.9999337
0,1600,1,False,10184911.05000976,979069.9998575292,184626473.00020763,184626473.00020763
0,1664,1,False,10056387.599934168,987084.9999060738,181956873.00021747,181956873.00021747
0,1728,1,False,10743113.94995675,988179.9999220675,195792011.99985617,195792011.99985617
0,1792,1,False,10921346.949999133,1004415.0001249363,199025550.999977,199025550.999977
0,1856,1,False,11664965.400086658,1009104.4998716825,213833849.99990085,213833849.99990085
0,1920,1,False,11555628.90000965,1003849.5001936099,211711560.99990186,211711560.99990186
0,1984,1,False,12716000.299997177,998659.9998228485,234758768.00011975,234758768.00011975
0,2048,1,False,11781882.95000382,997804.9999972427,216380060.00011957,216380060.00011957
0,2112,1,False,13326743.349944081,988564.9999432644,247303057.9999431,247303057.9999431
0,2176,1,False,12537902.44998072,1008525.5000831239,231377098.9999284,231377098.9999284
0,2240,1,False,11076300.850004373,994374.5001237403,202152281.00005335,202152281.00005335
0,2304,1,False,11092076.54999409,1002125.0000136206,202491351.9999245,202491351.9999245
0,2368,1,False,13789156.400048342,982205.5001222907,256740766.9998829,256740766.9998829
0,2432,1,False,13683770.399939021,992320.0000230281,254482636.99991003,254482636.99991003
0,2496,1,False,14252891.599971917,995509.4999440917,265714345.00010583,265714345.00010583
0,2560,1,False,13466546.299946457,993679.9999650248,250040377.0000048,250040377.0000048
0,2624,1,False,12381685.35001023,981225.000032282,228570288.99989018,228570288.99989018
0,2688,1,False,11600920.449996011,981110.0001115847,212812389.9997263,212812389.9997263
0,2752,1,False,15145722.600050248,993539.5003140002,283695834.0003548,283695834.0003548
0,2816,1,False,15338027.150005473,999794.9998705735,286972034.9999625,286972034.9999625
0,2880,1,False,15433511.149944933,999279.9998599367,289417154.000148,289417154.000148
0,2944,1,False,15649256.600022454,988584.4999644178,293847803.0000624,293847803.0000624
0,3008,1,False,13944804.250036214,994779.4999334292,259651425.99989122,259651425.99989122
0,3072,1,False,12925401.199981933,989625.0001020235,239150077.99996603,239150077.99996603
0,3136,1,False,10887644.949957576,988699.9998798274,198555871.9998153,198555871.9998153
0,3200,1,False,10420538.149969615,995049.9998012674,189012123.00033876,189012123.00033876
0,3264,1,False,10749818.049998794,982255.0000535557,195844152.00006333,195844152.00006333
0,3328,1,False,10866163.64996189,994054.999864602,198030671.0001969,198030671.0001969
0,3392,1,False,11410289.350078529,996640.000039406,208881710.99977627,208881710.99977627
0,3456,1,False,11468603.949947465,994484.9998646532,210073931.99988654,210073931.99988654
0,3520,1,False,12044098.849969488,1005894.9999347533,221455009.9997723,221455009.9997723
0,3584,1,False,11695732.449970819,986074.4996785797,214817731.0000392,214817731.0000392
0,3648,1,False,11930168.94997072,989180.0000332296,219408621.0001842,219408621.0001842
0,3712,1,False,12016717.899996364,996049.9999124295,220898799.99975893,220898799.99975893
0,3776,1,False,12088325.499939855,988484.9998798018,222521389.99965608,222521389.99965608
0,3840,1,False,12368171.349953627,996519.999944212,227959799.0000184,227959799.0000184
0,3904,1,False,12553644.950025955,988499.9999485444,231668829.00022757,231668829.00022757
0,3968,1,False,12528586.850021385,992485.0000970764,231242458.9999864,231242458.9999864
0,4032,1,False,13257888.750035819,1008020.0001993944,245723977.00012517,245723977.00012517
0,4096,1,False,12877663.850053977,995959.5001873822,238268967.99982932,238268967.99982932
0,4096,1,False,999596.4500603804,990120.0000967947,1067599.0001800528,1067599.0001800528
0,4352,1,False,13276543.799997853,997274.9999178632,246173236.99976623,246173236.99976623
0,4608,1,False,14120711.649979968,1009599.500321201,262898076.00005588,262898076.00005588
0,4864,1,False,12814598.800036946,1008855.0000091345,236826578.0000911,236826578.0000911
0,5120,1,False,14333510.150026996,1001379.9999342154,267074146.0001409,267074146.0001409
0,5376,1,False,12496761.450051963,1001365.0000928465,230490679.0000132,230490679.0000132
0,5632,1,False,14430212.150000444,1015269.9999252945,268944266.99982435,268944266.99982435
0,5888,1,False,21093674.950020615,1039909.9999176542,401637768.0000005,401637768.0000005
0,6144,1,False,13966059.850008605,1011429.9998349452,259742629.99989152,259742629.99989152
0,6400,1,False,11951075.09997797,1021394.999952463,219202711.99996933,219202711.99996933
0,6656,1,False,14040146.84997037,1027545.0001699937,260943679.9998548,260943679.9998548
0,6912,1,False,12301738.000019213,1027140.0001329312,226086871.0000068,226086871.0000068
0,7168,1,False,14556330.749974223,1025114.499952906,271333187.9999714,271333187.9999714
0,7424,1,False,12537261.89995632,1032859.499900951,230660981.00025555,230660981.00025555
0,7680,1,False,13276406.950058118,1030554.9999429786,245598649.99991986,245598649.99991986
0,7936,1,False,13735292.000046683,1061235.4999466334,253680100.00011054,253680100.00011054
0,8192,1,False,13673207.800070485,1044054.9999657378,253159189.00014368,253159189.00014368
0,8448,1,False,14202845.399950093,1031900.0000436063,263883199.00024727,263883199.00024727
0,8704,1,False,14985037.700080283,1048214.9998551904,278928997.00009364,278928997.00009364
0,8960,1,False,13518846.950023545,1035580.0000070303,250328940.00014493,250328940.00014493
0,9216,1,False,14572840.250048103,1046445.0001563819,271236098.0003723,271236098.0003723
0,9472,1,False,14143470.199996956,1044944.9996485782,262601409.0001263,262601409.0001263
0,9728,1,False,15603492.250033924,1043949.9999392865,291864896.9998685,291864896.9998685
0,9984,1,False,13145540.450022964,1044854.9999182433,242696191.00005,242696191.00005
0,10240,1,False,15064833.300039027,1059949.9998988905,280746296.9999506,280746296.9999506
0,10496,1,False,16741046.600009212,1069495.0001379766,314100255.0000849,314100255.0000849
0,10752,1,False,15510128.750020158,1063115.0000790511,289622375.9998975,289622375.9998975
0,11008,1,False,14250897.999977497,1069245.0000533427,264358987.99991265,264358987.99991265
0,11264,1,False,14893606.750024445,1081884.0000865748,276923708.0001403,276923708.0001403
0,11520,1,False,14098327.400051858,1151599.9999573978,259649678.9997218,259649678.9997218
0,11776,1,False,15607479.750065068,1158050.00018554,289800377.0001196,289800377.0001196
0,12032,1,False,15455149.249942224,1168844.4999435889,286636326.99999654,286636326.99999654
0,12288,1,False,15241666.450037884,1168495.5002237984,282318497.00023305,282318497.00023305
0,12544,1,False,14190121.79985657,1167644.999895856,261283948.99978957,261283948.99978957
0,12800,1,False,15772583.249986382,1207860.0000222651,292177166.9998634,292177166.9998634
0,13056,1,False,16693494.200035274,1198214.5001638855,310781775.00012314,310781775.00012314
0,13312,1,False,15587149.749990202,1192409.9999305326,288615797.0001477,288615797.0001477
0,13568,1,False,13330925.450031828,1227545.0001197895,242859980.00004837,242859980.00004837
0,13824,1,False,16575067.750045491,1217615.0000868803,308042005.00006115,308042005.00006115
0,14080,1,False,13817148.849875594,1211164.4996366522,252800279.999974,252800279.999974
0,14336,1,False,15542839.399927288,1229645.499961407,286992526.9997111,286992526.9997111
0,14592,1,False,15616351.199901147,1656424.4997425703,280394907.0003,280394907.0003
0,14848,1,False,17454585.4499911,1679429.9999673967,316804345.00003684,316804345.00003684
0,15104,1,False,15201073.250023,1700249.500117934,271358347.99992156,271358347.99992156
0,15360,1,False,17066318.150023106,1701045.0001180288,308615375.0000449,308615375.0000449
0,15616,1,False,16158411.749961488,1716425.0000405447,290210437.00004154,290210437.00004154
0,15872,1,False,16719624.700044733,1739160.0001701592,301046505.99969316,301046505.99969316
0,16128,1,False,15839212.799983215,1735480.000206735,283527817.00004923,283527817.00004923
0,16384,1,False,15938862.749999316,1774954.4999787759,284674806.99964654,284674806.99964654
0,16640,1,False,16468983.150025452,1748144.9999650067,295700606.0000822,295700606.0000822
0,16896,1,False,16618163.150042165,1786460.0001757937,298104944.9999773,298104944.9999773
0,17152,1,False,17723995.649953395,1790899.999832618,319963594.0000007,319963594.0000007
0,17408,1,False,17303683.149998505,1791124.9999542632,311740735.00005764,311740735.00005764
0,17664,1,False,16176432.749921333,1820080.000015878,288633336.9997374,288633336.9997374
0,17920,1,False,16016099.650028082,1841644.9997857853,285007825.9998554,285007825.9998554
0,18176,1,False,18038796.050018393,1850589.0000142246,325331534.00027007,325331534.00027007
0,18432,1,False,18320806.049973726,1826260.0001435203,331273212.99980396,331273212.99980396
0,18688,1,False,16803081.199964255,1873789.4997684634,300302766.00018626,300302766.00018626
0,18944,1,False,17033281.099975284,1871360.0002229214,304941165.99993503,304941165.99993503
0,19200,1,False,17167385.099969577,1901524.9999938533,307027096.0001835,307027096.0001835
0,19456,1,False,18478213.649996176,1893270.0002096682,333238553.0002284,333238553.0002284
0,19712,1,False,18049121.699982606,1906989.9997248286,324471704.00018877,324471704.00018877
0,19968,1,False,16010669.200022675,1925779.999965016,283317306.9998338,283317306.9998338
0,20224,1,False,18560457.39993988,1932834.9999341299,334093692.9998861,334093692.9998861
0,20480,1,False,18808166.550070383,1978760.0001563989,338230043.00029427,338230043.00029427
0,20736,1,False,16939102.200012714,1959344.999932,301144575.0003077,301144575.0003077
0,20992,1,False,18511610.00006414,1977024.5000927388,332240053.0000777,332240053.0000777
0,21248,1,False,18134723.049911372,1990709.4997506647,324281573.9999969,324281573.9999969
0,21504,1,False,17748961.99997329,2005099.9996783503,316487274.0003375,316487274.0003375
0,21760,1,False,18058127.600033913,2004610.0000854493,322644423.9999182,322644423.9999182
0,22016,1,False,17510425.699992992,2024160.0000190374,311486165.00013304,311486165.00013304
0,22272,1,False,17573813.60000636,2053830.0000225718,312125644.9999237,312125644.9999237
0,22528,1,False,18248004.549946018,2037940.0002639159,325835333.9997484,325835333.9997484
0,22784,1,False,18514382.100056536,2071275.0001621316,330486673.9999852,330486673.9999852
0,23040,1,False,18362509.50000249,2072895.0000830083,327524762.9999285,327524762.9999285
0,23296,1,False,18610895.54997761,2096624.9999219144,332110654.00018924,332110654.00018924
0,23552,1,False,18536604.50003645,2091859.500069404,330542732.9996746,330542732.9996746
0,23808,1,False,18426364.150013797,2101639.4998696344,328076484.0001211,328076484.0001211
0,24064,1,False,19124228.999999106,2114005.0000667544,341841113.00010043,341841113.00010043
0,24320,1,False,17828919.649969067,2134249.9999263966,315705224.0003395,315705224.0003395
0,24576,1,False,18768777.549985316,2148935.0001502316,334149514.00027347,334149514.00027347
0,24832,1,False,18731612.499959737,2155884.9998655207,333334132.99988025,333334132.99988025
0,25088,1,False,18347948.54996744,2162429.999998494,325438553.99990207,325438553.99990207
0,25344,1,False,19566906.349973578,2178938.9998048134,349395102.00001675,349395102.00001675
0,25600,1,False,20105170.349938817,2154680.000103326,360642490.99990773,360642490.99990773
0,25856,1,False,19387403.399991855,2215204.9998567235,345288611.9998766,345288611.9998766
0,26112,1,False,19683520.249964204,2197024.499764666,351483231.00020206,351483231.00020206
0,26368,1,False,20105864.749962166,2222699.9999475083,359510341.00025934,359510341.00025934
0,26624,1,False,20317562.350078333,2212040.00013131,363996270.00037074,363996270.00037074
0,26880,1,False,19392625.999967095,2240084.5002721325,344866112.9996253,344866112.9996253
0,27136,1,False,20962475.450005513,2255364.499887946,376029120.000112,376029120.000112
0,27392,1,False,20393097.40002864,2255254.9999090843,364609861.00019,364609861.00019
0,27648,1,False,20532920.85006433,2259544.500248012,367233841.000143,367233841.000143
0,27904,1,False,20923778.85003316,2284894.0000130823,374794379.999912,374794379.999912
0,28160,1,False,20827909.85000429,2292704.49995056,372587360.00012505,372587360.00012505
0,28416,1,False,21017859.900030088,2300405.0001418362,376217649.9999441,376217649.9999441
0,28672,1,False,21416494.85004109,2339135.0000565583,383465459.00003546,383465459.00003546
0,28928,1,False,21549347.350014612,2343824.500258052,386234748.99986833,386234748.99986833
0,29184,1,False,21402797.79998764,2337574.9999559047,383123409.0002909,383123409.0002909
0,29440,1,False,21609473.699959382,2360064.5001806696,386914839.9999176,386914839.9999176
0,29696,1,False,21531975.2500136,2355144.9999104077,385562569.00028527,385562569.00028527
0,29952,1,False,19648364.90003563,2387199.4999353774,347380751.99993545,347380751.99993545
0,30208,1,False,20204154.3000405,2398610.0002275635,357949581.99994653,357949581.99994653
0,30464,1,False,19681833.500044376,2396889.999999985,347667481.9999062,347667481.9999062
0,30720,1,False,19815974.90000695,2388260.0000888486,350610962.9997809,350610962.9997809
0,30976,1,False,19676877.85004273,2423990.0001248317,347154192.0002892,347154192.0002892
0,31232,1,False,20961678.449998543,2433770.000152435,372641339.9999728,372641339.9999728
0,31488,1,False,19894727.349969797,2457389.500023055,350761061.99994683,350761061.99994683
0,31744,1,False,20526199.799974166,2479750.000020431,362724960.99991256,362724960.99991256
0,32000,1,False,20544574.85000967,2474959.9999722703,363568379.9998333,363568379.9998333
0,32256,1,False,20394997.250059534,2474574.500183735,360282791.0003725,360282791.0003725
0,32512,1,False,19617713.850016117,2509013.999997478,344204352.0003608,344204352.0003608
0,32768,1,False,21827088.74997843,2539139.4999587648,387983838.999844,387983838.999844
0,33024,1,False,21456759.900002,2546489.999986079,380063829.9999264,380063829.9999264
0,33280,1,False,20006013.750003148,2551364.9998174515,351026001.0002639,351026001.0002639
0,33536,1,False,21727641.750021577,2603684.4999453025,384745418.9999553,384745418.9999553
0,33792,1,False,21197644.75003194,2580799.50026513,374584058.9999716,374584058.9999716
0,34048,1,False,20753024.89997739,2596994.4999815198,365284400.0002915,365284400.0002915
0,34304,1,False,21284782.800012182,2598309.499944662,375883650.00010526,375883650.00010526
0,34560,1,False,20630945.800007794,2612619.999808885,362701670.00020593,362701670.00020593
0,34816,1,False,20923867.90002365,2605520.0000882903,368558560.00011045,368558560.00011045
0,35072,1,False,21050911.84992034,2635769.9996424345,370199389.9999252,370199389.9999252
0,35328,1,False,21638504.199995622,2644264.999844381,382143818.9997934,382143818.9997934
0,35584,1,False,21485380.24998743,2670034.999937343,378553300.0000214,378553300.0000214
0,35840,1,False,21167314.599983912,2664814.500121793,372418769.99996746,372418769.99996746
0,36096,1,False,20943005.84994926,2703475.0000893837,367054280.9995823,367054280.9995823
0,36352,1,False,21361733.750018176,2700255.0000361223,375322789.9997,375322789.9997
0,36608,1,False,21628981.350045253,2727450.0000658007,380557979.00005925,380557979.00005925
0,36864,1,False,22638883.199965674,2751270.0000897893,400063637.99966496,400063637.99966496
0,37120,1,False,21226283.300029535,2767359.9997797282,371402339.9998041,371402339.9998041
0,37376,1,False,22987800.250029977,2762775.0000647213,406967508.00043446,406967508.00043446
0,37632,1,False,22045489.199945223,2781174.9998818412,387722828.9998129,387722828.9998129
0,37888,1,False,22063129.65001871,2783770.000178265,387933289.0001024,387933289.0001024
0,38144,1,False,22454401.75004205,2836115.000036443,394817708.00011873,394817708.00011873
0,38400,1,False,20816739.85001089,2793464.4997458234,362922961.00009483,362922961.00009483
0,38656,1,False,21287240.349943206,2809724.9999063932,371940569.99987876,371940569.99987876
0,38912,1,False,20563212.950060006,2785725.0001943614,357925690.9997639,357925690.9997639
0,39168,1,False,20956510.350060854,2839679.500084458,364775481.0003789,364775481.0003789
0,39424,1,False,21396884.2499753,2840574.999936507,373579000.00006336,373579000.00006336
0,39680,1,False,21265790.249913152,2844814.4998947103,370773719.9997609,370773719.9997609
0,39936,1,False,21427896.249997504,2846540.000064124,374140200.0000562,374140200.0000562
0,40192,1,False,21571710.249963872,2868854.9998605596,376481899.0002823,376481899.0002823
0,40448,1,False,21456001.25004421,2862520.000007862,374230200.0000564,374230200.0000564
0,40704,1,False,21873397.300032593,2912539.4999027774,381757618.9999272,381757618.9999272
0,40960,1,False,21077605.64997534,2936894.00018593,365102530.0000583,365102530.0000583
0,41216,1,False,22314204.200029053,2919880.0002632197,390212608.0001835,390212608.0001835
0,41472,1,False,21974037.75003295,2923660.0000785985,383520938.99993634,383520938.99993634
0,41728,1,False,21627827.400016032,2926149.9998938236,376401859.9999872,376401859.9999872
0,41984,1,False,21737011.800018992,2937909.4999057995,378553230.00030696,378553230.00030696
0,42240,1,False,21553943.3500453,2973200.0000421978,374237059.9998139,374237059.9998139
0,42496,1,False,21713839.700009886,2973609.0000369586,377363719.0001864,377363719.0001864
0,42752,1,False,21758241.750035267,2994428.9999548346,377875019.0003848,377875019.0003848
0,43008,1,False,21054163.749977306,2965099.4997609816,364400701.0002497,364400701.0002497
0,43264,1,False,21958334.60002632,3016904.5001002816,381402068.9997051,381402068.9997051
0,43520,1,False,22098310.75003876,3017869.999894174,384179939.0002052,384179939.0002052
0,43776,1,False,22071690.199982185,3069824.5000166935,382698579.00013447,382698579.00013447
0,44032,1,False,21310146.200039525,3025604.9999479726,368391690.99994254,368391690.99994254
0,44288,1,False,21893511.150005907,3098205.0000147866,378757989.99994004,378757989.99994004
0,44544,1,False,21812515.25003063,3071579.9998688456,377434989.9999834,377434989.9999834
0,44800,1,False,22151942.75004251,3104600.0001424546,383686269.0000089,383686269.0000089
0,45056,1,False,22703027.60000504,3133818.999913274,394085378.9999892,394085378.9999892
0,45312,1,False,23323482.649993822,3113779.999921462,407005726.9996141,407005726.9996141
0,45568,1,False,27160760.29996657,3128704.5001135995,483454441.000049,483454441.000049
0,45824,1,False,22777425.049980592,3156329.5001433287,395162538.00002235,395162538.00002235
0,46080,1,False,22752648.19995755,3129514.499960351,395230178.0000198,395230178.0000198
0,46336,1,False,23351234.79995218,3151929.999830827,406663367.99995404,406663367.99995404
0,46592,1,False,23889263.599949118,3161319.999890111,417369796.99999213,417369796.99999213
0,46848,1,False,24241681.499961488,3181799.999993018,424090105.9997668,424090105.9997668
0,47104,1,False,23733469.650005646,3157919.500154094,414345056.0000019,414345056.0000019
0,47360,1,False,23681596.1500497,3224459.9999557976,411890407.00010085,411890407.00010085
0,47616,1,False,22774139.749981258,3195754.999978817,394398947.9998891,394398947.9998891
0,47872,1,False,24514558.899977602,3226588.999950764,428695354.9999453,428695354.9999453
0,48128,1,False,24573667.54999839,3221644.4999448867,429895644.9997604,429895644.9997604
0,48384,1,False,22573397.6499896,3262164.5000290303,389208748.00032836,389208748.00032836
0,48640,1,False,22464767.299948107,3267894.9999080943,386954809.0001444,386954809.0001444
0,48896,1,False,23248146.54994043,3283674.9999205493,402228616.9997642,402228616.9997642
0,49152,1,False,22297006.24995985,3329389.999862542,382221018.999644,382221018.999644
0,49408,1,False,22565544.24998285,3308009.999955175,388102849.00000626,388102849.00000626
0,49664,1,False,23632931.499992084,3320909.4999619992,409197687.9999493,409197687.9999493
0,49920,1,False,24085084.60005123,3359704.5000988147,417543686.0000445,417543686.0000445
0,50176,1,False,23124611.149955854,3342165.0000491356,398511028.0000299,398511028.0000299
0,50432,1,False,23765934.55003331,3357984.50009861,411052207.00001156,411052207.00001156
0,50688,1,False,23025545.599989526,3376244.000264705,395784198.0000012,395784198.0000012
0,50944,1,False,23836803.500034876,3373069.999724976,412297586.0000224,412297586.0000224
0,51200,1,False,23179355.600018427,3342295.000265949,399731558.99997437,399731558.99997437
0,51456,1,False,24793923.499987613,3398634.499944819,430955996.0001934,430955996.0001934
0,51712,1,False,23710195.550006576,3399184.999807403,409182516.99986285,409182516.99986285
0,51968,1,False,24695945.050029878,3422550.0000957255,428326525.0001023,428326525.0001023
0,52224,1,False,23703913.600070335,3416170.000264174,408822588.0000209,408822588.0000209
0,52480,1,False,23774442.99995659,3433954.999991329,409939156.9998261,409939156.9998261
0,52736,1,False,24533688.40001531,3475600.0000015777,423980025.9997537,423980025.9997537
0,52992,1,False,24924097.49995659,3473429.9999854555,431987635.00004137,431987635.00004137
0,53248,1,False,23199483.150028754,3530109.9999287543,396625298.00034463,396625298.00034463
0,53504,1,False,23615965.60003818,3518829.500080756,405201037.00009716,405201037.00009716
0,53760,1,False,23902499.149994582,3511879.9999054316,410638847.99996233,410638847.99996233
0,54016,1,False,23876481.599972975,3578044.4998181337,409031026.9998554,409031026.9998554
0,54272,1,False,23863942.650086757,3552255.0001587663,409460766.9999277,409460766.9999277
0,54528,1,False,24116472.499963492,3580459.999966479,413845407.00028086,413845407.00028086
0,54784,1,False,23857941.54999985,3575709.9999500494,408430057.0002597,408430057.0002597
0,55040,1,False,24458553.949943963,3597849.4997834787,420330905.9998901,420330905.9998901
0,55296,1,False,23839173.500050493,3577725.0002411166,408530817.0001554,408530817.0001554
0,55552,1,False,25009036.550022755,3665179.999643442,430380844.9999451,430380844.9999451
0,55808,1,False,24411753.099934686,3624318.999982279,418912185.9999432,418912185.9999432
0,56064,1,False,24674074.049926277,3633815.000057439,423846794.9999176,423846794.9999176
0,56320,1,False,25309591.94998559,3638424.4999680957,436631225.00038296,436631225.00038296
0,56576,1,False,25117197.899976417,3663654.9998547705,432294214.99972886,432294214.99972886
0,56832,1,False,25245549.00003295,3670959.499913806,434702205.0001215,434702205.0001215
0,57088,1,False,25054737.90004089,3736598.9999216255,429682745.0002638,429682745.0002638
0,57344,1,False,24343576.499995835,3747629.499912364,415385326.00043255,415385326.00043255
0,57600,1,False,26222949.400039397,4738284.500035661,434038603.99985206,434038603.99985206
0,57856,1,False,26875741.799972273,4764219.499975298,446639664.0000312,446639664.0000312
0,58112,1,False,27216431.200008627,4817879.500023992,452412014.00040156,452412014.00040156
0,58368,1,False,25927937.850042325,4734434.499823692,428298855.99985576,428298855.99985576
0,58624,1,False,25698811.05002878,4816474.500330514,422112046.0001657,422112046.0001657
0,58880,1,False,25980361.79999781,4778889.499903016,428444244.9998096,428444244.9998096
0,59136,1,False,27537903.70002207,4825969.000194164,458729062.9997369,458729062.9997369
0,59392,1,False,26862636.400005613,4590889.499922924,449609994.00018406,449609994.00018406
0,59648,1,False,27404255.250075947,4895725.000324092,454318402.99988836,454318402.99988836
0,59904,1,False,27245726.35002005,4910725.000172533,451339484.00007284,451339484.00007284
0,60160,1,False,25763466.950070325,4931030.000079772,421261846.00010675,421261846.00010675
0,60416,1,False,27914315.7499675,4880809.500036776,465298831.99991673,465298831.99991673
0,60672,1,False,27856361.850012947,5019629.499884104,461205732.0000531,461205732.0000531
0,60928,1,False,26423828.399970263,4960254.999787139,433886384.99982333,433886384.99982333
0,61184,1,False,26084016.250092644,5139154.000062263,423681895.99983454,423681895.99983454
0,61440,1,False,24992380.499998033,4788714.000142136,408394027.99974775,408394027.99974775
0,61696,1,False,26199474.3999594,5219914.999997854,424564655.9998022,424564655.9998022
0,61952,1,False,26584049.8499756,5056299.499983652,435368044.9999047,435368044.9999047
0,62208,1,False,25984923.9499772,5056639.999793333,423118865.9996405,423118865.9996405
0,62464,1,False,27180627.34995783,5006704.999914291,448248474.0001382,448248474.0001382
0,62720,1,False,26542742.350056868,5092804.500009151,433655644.999817,433655644.999817
0,62976,1,False,26652333.850029208,5094675.000009375,435758375.000205,435758375.000205
0,63232,1,False,26275514.849999126,5119799.999874885,427714394.999839,427714394.999839
0,63488,1,False,25341329.450043306,4861604.500092654,414160897.9998637,414160897.9998637
0,63744,1,False,27190876.350073267,5224334.500098849,444134294.9999125,444134294.9999125
0,64000,1,False,26316172.900010314,5198289.500185638,427127914.99980086,427127914.99980086
0,64256,1,False,27501700.750053715,5223214.500119866,450436284.00026137,450436284.00026137
0,64512,1,False,25879825.949959923,5146374.999867476,419434526.0002592,419434526.0002592
0,64768,1,False,27683485.750094406,5265624.000230673,453185753.0000707,453185753.0000707
0,65024,1,False,27295400.24997732,5263914.500119426,445556573.9999656,445556573.9999656
0,65280,1,False,27193352.850008525,5247894.500143957,443923404.00008833,443923404.00008833
0,65536,1,False,26986081.85005469,5078429.500144921,443012005.00012785,443012005.00012785
